"id","url","name"
"77581ad8-6500-554d-838b-bf5057909c4a","https://data.gov.hr/ckan/dataset/popis-nadzornih-kamera-na-podrucju-grada-zagreba","Popis kamera, Registar nekretnina, Imenik političkih stranaka, Adresar tijela javne vlasti, Predškolske ustanove"
"87e55b6b-340e-5386-a483-7a54b1c54ad1","https://data.gov.hr/ckan/dataset/registar-izvla-tenih-nekretnina","Popis kamera, Registar nekretnina, Imenik političkih stranaka, Adresar tijela javne vlasti, Predškolske ustanove"
"1b18c726-7b83-5ec9-8ad5-5ef276b5cf85","https://data.gov.hr/ckan/dataset/imenik-politickih-stranaka","Popis kamera, Registar nekretnina, Imenik političkih stranaka, Adresar tijela javne vlasti, Predškolske ustanove"
"ca143ddc-0a6c-5c02-9944-a505685ce9c7","https://data.gov.hr/ckan/dataset/adresar-tijela-javne-vlasti","Popis kamera, Registar nekretnina, Imenik političkih stranaka, Adresar tijela javne vlasti, Predškolske ustanove"
"87a49d89-b7d0-5111-a878-43deb9fc22eb","https://data.gov.hr/ckan/dataset/predskolske-ustanove-grada-zagreba","Popis kamera, Registar nekretnina, Imenik političkih stranaka, Adresar tijela javne vlasti, Predškolske ustanove"
"01b0399a-7455-5c20-bf17-4ae68ca02653","https://data.gov.hr/ckan/dataset/geoportal-djecji-vrtici)","Dječji vrtići, visokoškolske ustanove, sportski objketi, autobusna stajališta, ljekarne"
"25f23c49-f93d-556c-a174-6dc157383f16","https://data.gov.hr/ckan/dataset/geoportal-visokoskolske-ustanove)","Dječji vrtići, visokoškolske ustanove, sportski objketi, autobusna stajališta, ljekarne"
"fafd0ddb-3105-5bd0-a4f6-f2e2ea175724","https://data.gov.hr/ckan/dataset/geoportal-sportski-objekti)","Dječji vrtići, visokoškolske ustanove, sportski objketi, autobusna stajališta, ljekarne"
"dd660e3b-a4fb-59c1-998b-8a0bfc888b42","https://data.gov.hr/ckan/dataset/geoportal-autobusna-stajalista-zet)","Dječji vrtići, visokoškolske ustanove, sportski objketi, autobusna stajališta, ljekarne"
"4ea2fa71-d066-5697-8ba1-d4b3870ace89","https://data.gov.hr/ckan/dataset/geoportal-ljekarne)","Dječji vrtići, visokoškolske ustanove, sportski objketi, autobusna stajališta, ljekarne"
"031a3fad-cde1-502a-b9c7-eef4a7dbb296","https://data.gov.hr/ckan/dataset/bestplatne-wifi-pristupne-tocke-grada-zagreba","WiFi, Bolnice, Škole, Vrtići, Biciklističke staze"
"bfad7061-a0ed-5571-a472-70e69d623d8a","https://data.gov.hr/ckan/dataset/ewdaw","WiFi, Bolnice, Škole, Vrtići, Biciklističke staze"
"2b3af594-060d-5209-ad5e-56cd1a2be14f","https://data.gov.hr/ckan/dataset/osnovne-skole-grada-zagreba","WiFi, Bolnice, Škole, Vrtići, Biciklističke staze"
"b72f595b-7085-5b94-88d2-d2182546634b","https://data.gov.hr/ckan/dataset/vrtici-i-skole","WiFi, Bolnice, Škole, Vrtići, Biciklističke staze"
"f5070051-d6d8-5855-b5db-225d4c79d378","https://data.gov.hr/ckan/dataset/geoportal-biciklisticke-staze","WiFi, Bolnice, Škole, Vrtići, Biciklističke staze"
"d04ab33d-449b-5888-931d-39635877bdfd","https://data.gov.hr/ckan/dataset/geoportal-tijela-drzavne-uprave","Geoportal Tijela državne uprave, Ustanove za beskućnike, Zdravstvene ustanove, Učenički domovi, Adresar škola"
"7a97c59f-3e87-507b-8ec2-58d433758452","https://data.gov.hr/ckan/dataset/geoportal-ustanove-za-beskucnike","Geoportal Tijela državne uprave, Ustanove za beskućnike, Zdravstvene ustanove, Učenički domovi, Adresar škola"
"1f9ad48f-6394-5285-9f4a-cb9abfd1fa7a","https://data.gov.hr/ckan/dataset/geoportal-zdravstvene-ustanove","Geoportal Tijela državne uprave, Ustanove za beskućnike, Zdravstvene ustanove, Učenički domovi, Adresar škola"
"40464fca-cbeb-5efd-a695-6174ab39f922","https://data.gov.hr/ckan/dataset/geoportal-ucenicki-domovi","Geoportal Tijela državne uprave, Ustanove za beskućnike, Zdravstvene ustanove, Učenički domovi, Adresar škola"
"e9f76e05-1b5c-551b-82a1-a96579dfafc6","https://data.gov.hr/ckan/dataset/https-kckzz-hr-djelatnosti-skolske-ustanove-kojima-je-koprivnicko-krizevacka-zupanija-osnivac","Geoportal Tijela državne uprave, Ustanove za beskućnike, Zdravstvene ustanove, Učenički domovi, Adresar škola"
"8f2eb2fe-ad95-5f9b-bb33-61c63bf24d9f","https://data.gov.hr/ckan/dataset/prihodi-gradskog-proracuna-grada-bjelovara","Prihodi gradskog proracuna Bjelovara, Proračun u malom Bjelovara, Tržište kapitala, Lokacije zelenih otoka, Sudski tumači"
"49ce2120-5cdb-5f20-bd04-898f35a34d7c","https://data.gov.hr/ckan/dataset/proracun-u-malom-grada-bjelovara-opencity","Prihodi gradskog proracuna Bjelovara, Proračun u malom Bjelovara, Tržište kapitala, Lokacije zelenih otoka, Sudski tumači"
"8c13fbe9-9b0e-58fc-aa5c-237e25d36c50","https://data.gov.hr/ckan/dataset/tr-i-te-kapitala","Prihodi gradskog proracuna Bjelovara, Proračun u malom Bjelovara, Tržište kapitala, Lokacije zelenih otoka, Sudski tumači"
"0e26ed79-9c2f-55ea-803e-efb7401535ee","https://data.gov.hr/ckan/dataset/zeleni-otoci","Prihodi gradskog proracuna Bjelovara, Proračun u malom Bjelovara, Tržište kapitala, Lokacije zelenih otoka, Sudski tumači"
"1b18298a-e394-54e2-84fe-ee0e2629d64a","https://data.gov.hr/ckan/dataset/stalni-sudski-tumaci","Prihodi gradskog proracuna Bjelovara, Proračun u malom Bjelovara, Tržište kapitala, Lokacije zelenih otoka, Sudski tumači"
"64cc439a-dab7-5a8a-8cb6-09dc750ad0b0","https://data.gov.hr/hr/node/904","Domovi zdravlja, Besplatna wifi mreža, Električne punionice, Rimokatoličke župe, Koronavirus"
"a3fcc9f9-1fb1-50e0-99a2-4dc5132516d5","https://data.gov.hr/hr/node/903","Domovi zdravlja, Besplatna wifi mreža, Električne punionice, Rimokatoličke župe, Koronavirus"
"a9551962-ffaf-5e1a-b29d-a9e5e1f4173c","https://data.gov.hr/hr/node/901","Domovi zdravlja, Besplatna wifi mreža, Električne punionice, Rimokatoličke župe, Koronavirus"
"41915a41-7e5a-5fd6-afb4-f9ccc900d2b3","https://data.gov.hr/hr/node/902","Domovi zdravlja, Besplatna wifi mreža, Električne punionice, Rimokatoličke župe, Koronavirus"
"50094c0f-1677-5e47-ae14-bd749b4c3175","https://data.gov.hr/ckan/dataset/prirod-po-hektaru-povr-a-t-ha","Prodaja pesticida, Popis skloništa za životinje, Program zaštite divljači Općine Virje, Poljoprivreda, lov, šumarstvo i ribarstvo, Ekološki proizvodi životinjskog podrijetla"
"4f712c3a-d99b-5a69-8234-0ea62366179c","https://data.gov.hr/ckan/dataset/popis-sklonista-za-zivotinje","Prodaja pesticida, Popis skloništa za životinje, Program zaštite divljači Općine Virje, Poljoprivreda, lov, šumarstvo i ribarstvo, Ekološki proizvodi životinjskog podrijetla"
"8ed8caae-ccfc-5eb1-aacc-ddf2e5a16432","https://data.gov.hr/ckan/dataset/program-zastite-divljaci-opcine-virje","Prodaja pesticida, Popis skloništa za životinje, Program zaštite divljači Općine Virje, Poljoprivreda, lov, šumarstvo i ribarstvo, Ekološki proizvodi životinjskog podrijetla"
"c946883f-e0a9-5fb0-97ad-f9360a00c3d6","https://data.gov.hr/ckan/dataset/poljoprivreda-lov-sumarstvo-i-ribarstvo","Prodaja pesticida, Popis skloništa za životinje, Program zaštite divljači Općine Virje, Poljoprivreda, lov, šumarstvo i ribarstvo, Ekološki proizvodi životinjskog podrijetla"
"79fc54e1-78aa-5648-b519-d39bfa14ff73","https://data.gov.hr/ckan/dataset/ekolo-ki-proizvodi-ivotinjskog-podrijetla","Prodaja pesticida, Popis skloništa za životinje, Program zaštite divljači Općine Virje, Poljoprivreda, lov, šumarstvo i ribarstvo, Ekološki proizvodi životinjskog podrijetla"
"8967b847-6b62-576f-8aca-6d88f1a351c0","https://data.gov.hr/ckan/dataset/domovi-zdravlja","Domovi zdravlja, Učenički domovi ZG, Stalni sudski vještaci, Ljekarne ZG, Podružnice Zagrebačkog Holdinga"
"1185f880-cb00-5b01-9ed3-f1151d41e3ad","https://data.gov.hr/ckan/dataset/ucenicki-domovi-grada-zagreba","Domovi zdravlja, Učenički domovi ZG, Stalni sudski vještaci, Ljekarne ZG, Podružnice Zagrebačkog Holdinga"
"35367641-dd4d-5858-8a84-4cbfef7ed202","https://data.gov.hr/ckan/dataset/stalni-sudski-vje-taci","Domovi zdravlja, Učenički domovi ZG, Stalni sudski vještaci, Ljekarne ZG, Podružnice Zagrebačkog Holdinga"
"b0d26845-7d81-5844-b2a9-ea38b5865ec6","https://data.gov.hr/ckan/dataset/ljekarne-grada-zagreba","Domovi zdravlja, Učenički domovi ZG, Stalni sudski vještaci, Ljekarne ZG, Podružnice Zagrebačkog Holdinga"
"7319209c-dd7f-5f65-b263-a5db17ba8f88","https://data.gov.hr/ckan/dataset/podruznice-zagrebackog-holdinga","Domovi zdravlja, Učenički domovi ZG, Stalni sudski vještaci, Ljekarne ZG, Podružnice Zagrebačkog Holdinga"
"50f323c1-d086-50b2-905a-7a2b4d59dab4","https://data.gov.hr/ckan/dataset/veterinarske-sluzbe","Veterinarske službe, Poslovni prostori - Knin, Ustanove za osposobljavanje vozača, Javna parkirališta - Imotski, Javna parkirališta - Ivanec"
"4f046649-f4f0-51c5-a15e-a6513f61ebc9","https://data.gov.hr/ckan/dataset/poslovni-prostori-grada-knina","Veterinarske službe, Poslovni prostori - Knin, Ustanove za osposobljavanje vozača, Javna parkirališta - Imotski, Javna parkirališta - Ivanec"
"9900b2cd-17d0-5546-8d64-834e05cd0870","https://data.gov.hr/ckan/dataset/mmpi-gov-hr-userdocsimages-dokumenti-promet-promet-1_22-popis-ustanova-vozaci-adr-20-1_22-xlsx","Veterinarske službe, Poslovni prostori - Knin, Ustanove za osposobljavanje vozača, Javna parkirališta - Imotski, Javna parkirališta - Ivanec"
"e8b934fb-be38-5573-9ab6-ffed958bd29f","https://data.gov.hr/ckan/dataset/javna-parkiralista","Veterinarske službe, Poslovni prostori - Knin, Ustanove za osposobljavanje vozača, Javna parkirališta - Imotski, Javna parkirališta - Ivanec"
"49c286fd-3c07-515e-9368-3b57cd72191f","https://data.gov.hr/ckan/dataset/evidencija-javnih-parkiralista","Veterinarske službe, Poslovni prostori - Knin, Ustanove za osposobljavanje vozača, Javna parkirališta - Imotski, Javna parkirališta - Ivanec"
"728622ea-88a5-5f87-b8ee-e4f51de4fe8b","https://data.gov.hr/ckan/dataset/registar-prijevoznika-u-cestovnom-prometu-rh","Prijevoznici u cestovnom prometu, Ispitni centri, Javne prometne površine, Poštanski uredi, Benzinske postaje"
"5773bd8b-4ef8-5462-b864-b7c93570a368","https://data.gov.hr/ckan/dataset/https-mmpi-gov-hr-promet-cestovni-promet-124-prijevoznici-8271","Prijevoznici u cestovnom prometu, Ispitni centri, Javne prometne površine, Poštanski uredi, Benzinske postaje"
"1e5a4e97-e8f4-5454-97eb-01a7576df47d","https://data.gov.hr/ckan/dataset/javne-prometne-povrsine-na-kojima-nije-dozvoljen-promet-motornih-vozila","Prijevoznici u cestovnom prometu, Ispitni centri, Javne prometne površine, Poštanski uredi, Benzinske postaje"
"332e7165-e3cc-5f19-8edd-c36ee69c3319","https://data.gov.hr/ckan/dataset/postanski-uredi","Prijevoznici u cestovnom prometu, Ispitni centri, Javne prometne površine, Poštanski uredi, Benzinske postaje"
"85518cad-8a88-51d1-a398-30f72eb6f6f5","https://data.gov.hr/ckan/dataset/geoportal-benzinske-postaje","Prijevoznici u cestovnom prometu, Ispitni centri, Javne prometne površine, Poštanski uredi, Benzinske postaje"
"3adac751-f117-55f8-aae5-dae3b85f2dbd","https://data.gov.hr/ckan/dataset/adresar-narodnih-knjiznica","Adresar narodnih knjižnica po županijama, Adresar sveučilišnih, visokoškolskih i znanstvenih knjižnica za 2019. godinu, Adresar specijalnih knjižnica za 2019, Adresar zdravstvenih ustanova/privatnih praksi, Muzeji Grada Zagreba"
"514e7cef-2924-5bde-a4c2-63bca21ed42f","https://data.gov.hr/ckan/api/3/action/datastore_search?resource_id=8d3b36b1-c1b5-4f83-9c9c-dfbf2bd51ea4&amp;limit=5","Adresar narodnih knjižnica po županijama, Adresar sveučilišnih, visokoškolskih i znanstvenih knjižnica za 2019. godinu, Adresar specijalnih knjižnica za 2019, Adresar zdravstvenih ustanova/privatnih praksi, Muzeji Grada Zagreba"
"2f6e183b-6f61-56f7-93ed-633f2c0d7ba1","https://data.gov.hr/ckan/dataset/adresar-sveucilisnih-visokoskolskih-i-znanstvenih-knjiznica-za-2019-godinu","Adresar narodnih knjižnica po županijama, Adresar sveučilišnih, visokoškolskih i znanstvenih knjižnica za 2019. godinu, Adresar specijalnih knjižnica za 2019, Adresar zdravstvenih ustanova/privatnih praksi, Muzeji Grada Zagreba"
"76d152c3-9272-52cf-832f-d7d131122479","https://data.gov.hr/ckan/dataset/adresar-specijalnih-knjiznica-za-2019-godinu","Adresar narodnih knjižnica po županijama, Adresar sveučilišnih, visokoškolskih i znanstvenih knjižnica za 2019. godinu, Adresar specijalnih knjižnica za 2019, Adresar zdravstvenih ustanova/privatnih praksi, Muzeji Grada Zagreba"
"c0350bf7-3fd6-58d5-b0b8-9cd322fd1e7c","https://data.gov.hr/ckan/dataset/adresar-zdravstvenih-ustanova-privatnih-praksi","Adresar narodnih knjižnica po županijama, Adresar sveučilišnih, visokoškolskih i znanstvenih knjižnica za 2019. godinu, Adresar specijalnih knjižnica za 2019, Adresar zdravstvenih ustanova/privatnih praksi, Muzeji Grada Zagreba"
"88beec8f-3d34-5a66-bd10-08c7c9e43b79","https://data.gov.hr/ckan/dataset/adresar-zdravstvenih-ustanova-privatnih-praksi/resource/131f311a-18c7-4271-ad9f-1c34f74b2687","Adresar narodnih knjižnica po županijama, Adresar sveučilišnih, visokoškolskih i znanstvenih knjižnica za 2019. godinu, Adresar specijalnih knjižnica za 2019, Adresar zdravstvenih ustanova/privatnih praksi, Muzeji Grada Zagreba"
"c97bca16-124c-52bd-b2c4-221dc3effc51","https://data.gov.hr/ckan/dataset/muzeji-grada-zagreba-svi","Adresar narodnih knjižnica po županijama, Adresar sveučilišnih, visokoškolskih i znanstvenih knjižnica za 2019. godinu, Adresar specijalnih knjižnica za 2019, Adresar zdravstvenih ustanova/privatnih praksi, Muzeji Grada Zagreba"
"fe713f48-9d11-5a54-8e28-fc0055b7082f","https://data.gov.hr/ckan/dataset/podaci-o-stanovima-u-najmu-u-vlasnistvu-grada-lipika/resource/d57e876b-6786-486c-9850-5dca770daf90","Podaci o stanovima u najmu u vlasništvu Grada Lipika, Registar profesionalnih sportskih klubova - Košarkaški klubovi, Popis zdravstvenih ustanova Brodsko-posavske županije, Stalni sudski tumači, Osobnik"
"2deefd35-8daf-59b8-ba9d-d937f850b0ff","https://data.gov.hr/ckan/dataset/registar-profesionalnih-sportskih-klubova-kosarkaski-klubovi/resource/11014a11-743e-4bbc-9e04-8aefd3922005","Podaci o stanovima u najmu u vlasništvu Grada Lipika, Registar profesionalnih sportskih klubova - Košarkaški klubovi, Popis zdravstvenih ustanova Brodsko-posavske županije, Stalni sudski tumači, Osobnik"
"f7750dfa-f815-5745-b52f-06fad6598de8","https://data.gov.hr/ckan/dataset/popis-zdravstvenih-ustanova-brodsko-posavske-zupanije/resource/57e46e7a-4a42-40f4-ad6e-9eea67120e53","Podaci o stanovima u najmu u vlasništvu Grada Lipika, Registar profesionalnih sportskih klubova - Košarkaški klubovi, Popis zdravstvenih ustanova Brodsko-posavske županije, Stalni sudski tumači, Osobnik"
"7c934389-d65d-5fa1-8569-22ef28474ff0","https://data.gov.hr/ckan/dataset/osobnik","Podaci o stanovima u najmu u vlasništvu Grada Lipika, Registar profesionalnih sportskih klubova - Košarkaški klubovi, Popis zdravstvenih ustanova Brodsko-posavske županije, Stalni sudski tumači, Osobnik"
"80f83f9c-d98c-5a94-8c86-7af3d38850eb","https://data.gov.hr/ckan/dataset/galerije","Galerije, Četvrti grada Zagreba, Biciklističke staze, Vjerske zajednice, Vjerske zajednice u Rijeci"
"35ec1414-0c57-5110-92ea-d51ffa2c213f","https://data.gov.hr/ckan/dataset/cetvrti-grada-zagreba","Galerije, Četvrti grada Zagreba, Biciklističke staze, Vjerske zajednice, Vjerske zajednice u Rijeci"
"b781128e-2845-531d-a9d2-c41e9cb71937","https://data.gov.hr/ckan/dataset/biciklisticke-staze","Galerije, Četvrti grada Zagreba, Biciklističke staze, Vjerske zajednice, Vjerske zajednice u Rijeci"
"7e89a287-9c48-5e61-b1c4-cb4cd7a2a9bb","https://data.gov.hr/ckan/dataset/geoportal-vjerske-zajednice","Galerije, Četvrti grada Zagreba, Biciklističke staze, Vjerske zajednice, Vjerske zajednice u Rijeci"
"08b20839-f4bd-5a8d-aa0d-21a9272b4788","https://data.gov.hr/ckan/dataset/vjerske-zajednice-u-rijeci","Galerije, Četvrti grada Zagreba, Biciklističke staze, Vjerske zajednice, Vjerske zajednice u Rijeci"
"8dbe6173-77d5-5550-b750-f6709476a052","https://data.gov.hr/ckan/dataset/upisnik-knjiznica-rh","Upisnik knjižnica RH, Veterinarske ambulante, Pregled isplate redovitih dokupljenih mirovina za 2022, Geoportal Srednje škole, Geoportal tramvajska stajališta ZET"
"ee1b8665-f6dd-567f-8b71-c057150d602d","https://data.gov.hr/ckan/dataset/veterinarske-ambulante","Upisnik knjižnica RH, Veterinarske ambulante, Pregled isplate redovitih dokupljenih mirovina za 2022, Geoportal Srednje škole, Geoportal tramvajska stajališta ZET"
"ec5a4b8b-f59b-599c-85af-1c19a6c487ee","https://data.gov.hr/ckan/dataset/pregled-isplate-redovitih-dokupljenih-mirovina-za-2022-zakon-o-nastavku-isplate-dokup-mirovina","Upisnik knjižnica RH, Veterinarske ambulante, Pregled isplate redovitih dokupljenih mirovina za 2022, Geoportal Srednje škole, Geoportal tramvajska stajališta ZET"
"be0ccbaf-d24e-56ee-a3a3-fff151d0ee8e","https://data.gov.hr/ckan/dataset/geoportal-srednje-skole","Upisnik knjižnica RH, Veterinarske ambulante, Pregled isplate redovitih dokupljenih mirovina za 2022, Geoportal Srednje škole, Geoportal tramvajska stajališta ZET"
"2e01007d-1faf-576e-b4de-b9c8d9049c32","https://data.gov.hr/ckan/dataset/geoportal-tramvajska-stajalista-zet","Upisnik knjižnica RH, Veterinarske ambulante, Pregled isplate redovitih dokupljenih mirovina za 2022, Geoportal Srednje škole, Geoportal tramvajska stajališta ZET"
"f44b76e5-4e7d-5f64-bab3-c3e5f284faa1","https://data.gov.hr/ckan/dataset/reciklazna-dvorista-grada-zagreba1","Reciklažna dvorišta, Farme puževa, Popis lovišta, Poljoprivreda, šumarstvo i ribarstvo, Minski sumnjiva područja"
"075dedd8-4491-5851-94d9-c55028a538ce","https://data.gov.hr/ckan/dataset/registar-farmi-puzeva","Re: Reciklažna dvorišta, Farme puževa, Popis lovišta, Poljoprivreda, šumarstvo i ribarstvo, Minski sumnjiva područja"
"f5589a1e-a748-586d-8e0a-9717f0856bdf","https://data.gov.hr/ckan/dataset/tablica-lovista","Re: Reciklažna dvorišta, Farme puževa, Popis lovišta, Poljoprivreda, šumarstvo i ribarstvo, Minski sumnjiva područja"
"89c2eb06-df07-579d-9ea7-c987cfca2a26","https://data.gov.hr/ckan/dataset/statistika-u-nizu-poljoprivreda-umarstvo-i-ribarstvo","Re: Reciklažna dvorišta, Farme puževa, Popis lovišta, Poljoprivreda, šumarstvo i ribarstvo, Minski sumnjiva područja"
"fb05e72e-40d0-5ca2-a070-1609c74606d7","https://data.gov.hr/ckan/dataset/popis-jls-koje-se-nalaze-u-minski-sumnjivom-prostoru","Re: Reciklažna dvorišta, Farme puževa, Popis lovišta, Poljoprivreda, šumarstvo i ribarstvo, Minski sumnjiva područja"
"3677b4cc-0d5e-505e-8c4e-01c067555d5b","https://data.gov.hr/ckan/dataset/registar-odobrenih-stocnih-sajmova","Re: Reciklažna dvorišta, Farme puževa, Popis lovišta, Poljoprivreda, šumarstvo i ribarstvo, Minski sumnjiva područja"
"3e713bc8-9d6f-5e14-ab7f-436f50e198a8","https://data.gov.hr/ckan/dataset/popis-osnovnih-skola-grada-siska","Popis osnovnih škola grada Siska, Registar javne nabave, Stipendisti, Registar nerazvrstanih cesta Općine Vojnić, Popis ulica grada Belog Manastira"
"71d613b7-b424-53b5-bc24-13f5dc371c7e","https://data.gov.hr/ckan/dataset/registai-javne-nabave","Popis osnovnih škola grada Siska, Registar javne nabave, Stipendisti, Registar nerazvrstanih cesta Općine Vojnić, Popis ulica grada Belog Manastira"
"7c21fa29-8542-552b-b831-38ec9dd62336","https://data.gov.hr/ckan/dataset/stipendisti","Popis osnovnih škola grada Siska, Registar javne nabave, Stipendisti, Registar nerazvrstanih cesta Općine Vojnić, Popis ulica grada Belog Manastira"
"e4c59b07-d247-5859-98f8-805ad781357f","https://data.gov.hr/ckan/dataset/registar-nerazvrstanih-cesta-opcine-vojnic","Popis osnovnih škola grada Siska, Registar javne nabave, Stipendisti, Registar nerazvrstanih cesta Općine Vojnić, Popis ulica grada Belog Manastira"
"faf8f7bd-edb7-504e-aa0a-13d0d9e6a108","https://data.gov.hr/ckan/dataset/popis-ulica-grada-belog-manastira","Popis osnovnih škola grada Siska, Registar javne nabave, Stipendisti, Registar nerazvrstanih cesta Općine Vojnić, Popis ulica grada Belog Manastira"
"62853b93-2dd5-5578-9121-a9a4ea70de2a","https://data.gov.hr/ckan/dataset/popis-skola-u-medimurskoj-zupaniji-s-kontakt-podacima","Donacije i sponzorstva općine Kolan, Registar sportskih djelatnosti - Fizičke osobe, Proračun grada Ludbrega za 2022. godinu, Popis škola u Međimurskoj županiji s kontakt podacima, Evidencija sportskih igrališta"
"958743ae-f83b-5b4a-9ecf-1b13a2754487","https://data.gov.hr/ckan/dataset/evidencija-sportskih-igralista","Donacije i sponzorstva općine Kolan, Registar sportskih djelatnosti - Fizičke osobe, Proračun grada Ludbrega za 2022. godinu, Popis škola u Međimurskoj županiji s kontakt podacima, Evidencija sportskih igrališta"
"b9f71bce-c06e-5299-aa6a-7d8def6a988d","https://data.gov.hr/ckan/dataset/proracun-grada-ludbrega-za-2022-godinu","Donacije i sponzorstva općine Kolan, Registar sportskih djelatnosti - Fizičke osobe, Proračun grada Ludbrega za 2022. godinu, Popis škola u Međimurskoj županiji s kontakt podacima, Evidencija sportskih igrališta"
"766fd3b7-0802-5588-aa91-1d17a500f1d1","https://data.gov.hr/ckan/dataset/registar-sportskih-djelatnosti-fizicke-osobe","Re: Donacije i sponzorstva općine Kolan, Registar sportskih djelatnosti - Fizičke osobe, Proračun grada Ludbrega za 2022. godinu, Popis škola u Međimurskoj županiji s kontakt podacima, Evidencija sportskih igrališta"
"0f5e8d42-a49d-50c2-887d-98f78e360f33","https://data.gov.hr/ckan/dataset/donacije-i-sponzorstva-opcine-kolan","Re: Donacije i sponzorstva općine Kolan, Registar sportskih djelatnosti - Fizičke osobe, Proračun grada Ludbrega za 2022. godinu, Popis škola u Međimurskoj županiji s kontakt podacima, Evidencija sportskih igrališta"
"4b413a22-1af1-5ca5-92d9-e636b37889cb","https://data.gov.hr/ckan/dataset/proraun-grada-varadina-2021-konsolidirani","Proračun Grada Varaždina 2021. - konsolidirani, e-Građani - statistika, Promet putnika i zrakoplova u Zračnoj luci Rijeka, Javne zelene površine, Građanski odgoj u školama"
"39de48bd-04c4-5c60-a4eb-520c098545b3","https://data.gov.hr/ckan/dataset/e-gradjani-statistika","Proračun Grada Varaždina 2021. - konsolidirani, e-Građani - statistika, Promet putnika i zrakoplova u Zračnoj luci Rijeka, Javne zelene površine, Građanski odgoj u školama"
"c80d5db5-2d5e-56fd-85de-f5e748008103","https://data.gov.hr/ckan/dataset/promet-putnika-i-zrakoplova-u-zracnoj-luci-rijeka","Proračun Grada Varaždina 2021. - konsolidirani, e-Građani - statistika, Promet putnika i zrakoplova u Zračnoj luci Rijeka, Javne zelene površine, Građanski odgoj u školama"
"db89d37e-6804-5dc2-8f03-0dd2746ca05b","https://data.gov.hr/ckan/dataset/javne-zelene-povrsine","Proračun Grada Varaždina 2021. - konsolidirani, e-Građani - statistika, Promet putnika i zrakoplova u Zračnoj luci Rijeka, Javne zelene površine, Građanski odgoj u školama"
"f188aa54-67e9-5995-87d9-e1e51821bc75","https://data.gov.hr/ckan/dataset/gradanski-odgoj-u-skolama-2016-2017","Proračun Grada Varaždina 2021. - konsolidirani, e-Građani - statistika, Promet putnika i zrakoplova u Zračnoj luci Rijeka, Javne zelene površine, Građanski odgoj u školama"
"b4e41a5f-7cb5-5bb2-af0b-281b4136294d","https://data.gov.hr/ckan/dataset/lokacije-spremnika-za-staru-odjecu-i-obucu","Lokacije spremnika za staru odjeću i obuću, Program informatike u osnovnim školama, Potpore inovatorima Grada Zagreba, Ugostiteljski objekti, Registar certifikata"
"bac816d1-f3d1-5d7b-9c58-d314590096ba","https://data.gov.hr/ckan/dataset/program-informatike-u-osnovnim-skolama-sk-god-2017-2018","Lokacije spremnika za staru odjeću i obuću, Program informatike u osnovnim školama, Potpore inovatorima Grada Zagreba, Ugostiteljski objekti, Registar certifikata"
"c624d28c-ba18-5d6d-afcf-a8edd885f66d","https://data.gov.hr/ckan/dataset/potpore-inovatorima-grada-zagreba","Lokacije spremnika za staru odjeću i obuću, Program informatike u osnovnim školama, Potpore inovatorima Grada Zagreba, Ugostiteljski objekti, Registar certifikata"
"d6465aff-6f82-5c66-9fba-ec13d471fa8d","https://data.gov.hr/ckan/dataset/ugostiteljski-objekti-nekategorizirani-turisticke-agencije-i-vodici","Lokacije spremnika za staru odjeću i obuću, Program informatike u osnovnim školama, Potpore inovatorima Grada Zagreba, Ugostiteljski objekti, Registar certifikata"
"7e7645c1-f175-5a71-94d3-b33a03f0bba0","https://data.gov.hr/ckan/dataset/registar-certifikata","Lokacije spremnika za staru odjeću i obuću, Program informatike u osnovnim školama, Potpore inovatorima Grada Zagreba, Ugostiteljski objekti, Registar certifikata"
"b843f048-d4da-5f76-b146-f2f91f3c3ed7","https://data.gov.hr/ckan/dataset/adresar-vjerskih-zajednica-grada-zagreba","Adresar vjerskih zajednica Grada Zagreba, Popis javnih pješačkih površina, Geoportal Studentska naselja, Geoportal Domovi za djecu, Geoportal Domovi za starije osobe"
"772dd8b6-898d-5ffe-9344-83e5461bf67f","https://data.gov.hr/ckan/dataset/popis-javnih-pjesackih-povrsina","Adresar vjerskih zajednica Grada Zagreba, Popis javnih pješačkih površina, Geoportal Studentska naselja, Geoportal Domovi za djecu, Geoportal Domovi za starije osobe"
"f60107eb-6d38-5f42-b5bc-5b1a2aaba754","https://data.gov.hr/ckan/dataset/geoportal-studentska-naselja","Adresar vjerskih zajednica Grada Zagreba, Popis javnih pješačkih površina, Geoportal Studentska naselja, Geoportal Domovi za djecu, Geoportal Domovi za starije osobe"
"4ecd20a1-590f-5086-ad51-bc0586837300","https://data.gov.hr/ckan/dataset/geoportal-domovi-za-djecu","Adresar vjerskih zajednica Grada Zagreba, Popis javnih pješačkih površina, Geoportal Studentska naselja, Geoportal Domovi za djecu, Geoportal Domovi za starije osobe"
"a13dd8af-2e3e-5c19-aa69-f25dbe2e0e3b","https://data.gov.hr/ckan/dataset/geoportal-domovi-za-starije-osobe","Adresar vjerskih zajednica Grada Zagreba, Popis javnih pješačkih površina, Geoportal Studentska naselja, Geoportal Domovi za djecu, Geoportal Domovi za starije osobe"
"7ae0ffdc-c312-580d-8989-04d5bfd99950","https://data.gov.hr/ckan/dataset/popis-osnovnoskolskih-i-srednjoskolskih-ustanova-na-podrucju-zagrebacke-zupanije","Obrazovne ustanove, Športske zajednice, Ustanove u Sisku, Adresar knjižnica, Groblja i krematoriji"
"0bf81c18-0c9b-594d-a465-49c25165cc4a","https://data.gov.hr/ckan/dataset/sportska-zajednica-grada-nasica/resource/f494b151-ee42-4180-8019-ea707862ab8e","Obrazovne ustanove, Športske zajednice, Ustanove u Sisku, Adresar knjižnica, Groblja i krematoriji"
"2746eeae-e3e3-5e23-bfcc-07762ffd02eb","https://data.gov.hr/ckan/dataset/popis-ustanova-grada-siska","Obrazovne ustanove, Športske zajednice, Ustanove u Sisku, Adresar knjižnica, Groblja i krematoriji"
"7a151845-82af-5335-8ee1-43072bf1d2b6","https://data.gov.hr/ckan/dataset/adresar-narodnih-knjiznica-za-2019-godinu","Obrazovne ustanove, Športske zajednice, Ustanove u Sisku, Adresar knjižnica, Groblja i krematoriji"
"627f50ad-e76d-5ae1-bca3-adc7ecfae9fb","https://data.gov.hr/ckan/dataset/evidencija-groblja-i-krematorija","Obrazovne ustanove, Športske zajednice, Ustanove u Sisku, Adresar knjižnica, Groblja i krematoriji"
"bae16b12-407e-5826-851b-e9247bb66b86","https://data.gov.hr/ckan/dataset/knjiznice-grada-zagreba1","Knjižnice, Grafiti, Javne površine za pse, Ustanove za osobe s invaliditetom, Gradski vrt"
"4ae9c975-0b9b-5ec7-96a6-e5b7b1fe30aa","https://data.gov.hr/ckan/dataset/grafiti-na-javnim-povrsinama","Knjižnice, Grafiti, Javne površine za pse, Ustanove za osobe s invaliditetom, Gradski vrt"
"bfed3107-1fdc-5217-92bc-37574f49ebcc","https://data.gov.hr/ckan/dataset/geoportal-javne-povrsine-za-pse","Knjižnice, Grafiti, Javne površine za pse, Ustanove za osobe s invaliditetom, Gradski vrt"
"602994d8-c65e-5fbf-a654-ef88543f8cae","https://data.gov.hr/ckan/dataset/geoportal-ustanove-za-osobe-s-invaliditetom","Knjižnice, Grafiti, Javne površine za pse, Ustanove za osobe s invaliditetom, Gradski vrt"
"3c05a49e-3a92-5ebc-ae15-b0c5dc5106cc","https://data.gov.hr/ckan/dataset/geoportal-gradski-vrt","Knjižnice, Grafiti, Javne površine za pse, Ustanove za osobe s invaliditetom, Gradski vrt"
"b1a90307-c8b5-5552-8196-3c3001327a5f","https://data.gov.hr/ckan/dataset/predskolske-i-skolske-ustanove-ambulante-i-vjerska-zajednica","Predškolske i školske ustanove, ambulante i vjerska zajednica, Centri za socijalnu skrb, Transplantacijski centri, Popis udruga na području Grada Slatine, Zagrebačka nadbiskupija"
"2e17240b-8948-5a83-bb93-c16f3cf3416f","https://data.gov.hr/ckan/dataset/centri-za-socijalnu-skrb","Predškolske i školske ustanove, ambulante i vjerska zajednica, Centri za socijalnu skrb, Transplantacijski centri, Popis udruga na području Grada Slatine, Zagrebačka nadbiskupija"
"1688ae38-ac0f-51f5-a8f1-c595e2e395cd","https://data.gov.hr/ckan/dataset/transplatacijski-centri","Predškolske i školske ustanove, ambulante i vjerska zajednica, Centri za socijalnu skrb, Transplantacijski centri, Popis udruga na području Grada Slatine, Zagrebačka nadbiskupija"
"7e083417-8d40-5b4d-a58a-54e1a542e48c","https://data.gov.hr/ckan/dataset/popis-udruga-na-podrucju-grada-slatine","Predškolske i školske ustanove, ambulante i vjerska zajednica, Centri za socijalnu skrb, Transplantacijski centri, Popis udruga na području Grada Slatine, Zagrebačka nadbiskupija"
"90ecb5b7-cec5-5fc5-8a4b-91e85281740f","https://data.gov.hr/ckan/dataset/zagrebacka-nadbiskupija-teritorijalna-struktura","Predškolske i školske ustanove, ambulante i vjerska zajednica, Centri za socijalnu skrb, Transplantacijski centri, Popis udruga na području Grada Slatine, Zagrebačka nadbiskupija"
"fdc9dfbd-8fe9-51f6-8bc4-902e5e1658ee","https://data.gov.hr/ckan/dataset/studijski-programi-u-rh","Studijski programi, Škole Brodsko-posavska županija, Javni linijski prijevoz Koprivničko-križevačke županije, Prosječna starost vozila, Nerazvrstane ceste Omiša"
"4bc04cd8-edc8-5097-9b22-4d66a88ddd60","https://data.gov.hr/ckan/dataset/adresar-skola-kojima-je-osnivac-brodsko-posavska-zupanija","Studijski programi, Škole Brodsko-posavska županija, Javni linijski prijevoz Koprivničko-križevačke županije, Prosječna starost vozila, Nerazvrstane ceste Omiša"
"9c1e6d7c-391e-5dd7-9ff4-53bd75580b91","https://data.gov.hr/ckan/dataset/https-www-kckzz-hr-hr-linijski-prijevoz","Studijski programi, Škole Brodsko-posavska županija, Javni linijski prijevoz Koprivničko-križevačke županije, Prosječna starost vozila, Nerazvrstane ceste Omiša"
"bc88c3c6-3215-5abc-9daa-c4ba502a4ab4","https://data.gov.hr/ckan/dataset/prosjecna-starost-vozila-po-vrstama-vozila-i-ukupno","Studijski programi, Škole Brodsko-posavska županija, Javni linijski prijevoz Koprivničko-križevačke županije, Prosječna starost vozila, Nerazvrstane ceste Omiša"
"fd638114-ac12-5ace-86d8-ceebc752f045","https://data.gov.hr/ckan/dataset/popis-nerazvrstanih-cesta-grada-omisa","Studijski programi, Škole Brodsko-posavska županija, Javni linijski prijevoz Koprivničko-križevačke županije, Prosječna starost vozila, Nerazvrstane ceste Omiša"
"9eae1f17-0f63-5f9f-9590-4867941c62e7","https://data.gov.hr/ckan/dataset/geoportal-centar-za-socijalnu-skrb","Centar za socijanu skrb, Dobitnici medalje Grad Zagreb, Vatrogasne postaje/DVD, Komunalni redari - nepravilnosti, Područni uredi"
"873ee0a8-9ba7-5931-95b9-7eb7dfbe2c8e","https://data.gov.hr/ckan/dataset/popis-dobitnika-medalje-grada-zagreba","Centar za socijanu skrb, Dobitnici medalje Grad Zagreb, Vatrogasne postaje/DVD, Komunalni redari - nepravilnosti, Područni uredi"
"cb4350dd-b640-58a6-b01e-c1ec0d0ba3ca","https://data.gov.hr/ckan/dataset/vatrogasne-postaje-dvd","Centar za socijanu skrb, Dobitnici medalje Grad Zagreb, Vatrogasne postaje/DVD, Komunalni redari - nepravilnosti, Područni uredi"
"4f44ca82-7a73-5920-9fe5-6f10e15c9686","https://data.gov.hr/ckan/dataset/prijave-nepravilnosti-komunalnih-redara","Centar za socijanu skrb, Dobitnici medalje Grad Zagreb, Vatrogasne postaje/DVD, Komunalni redari - nepravilnosti, Područni uredi"
"cbcbaae8-7acc-5995-8cd7-b5f12d02cbc9","https://data.gov.hr/ckan/dataset/geoportal-podrucni-uredi","Centar za socijanu skrb, Dobitnici medalje Grad Zagreb, Vatrogasne postaje/DVD, Komunalni redari - nepravilnosti, Područni uredi"
"450c2951-f556-523b-9763-b102b926ca37","https://data.gov.hr/ckan/dataset/lokacije-ordinacija-primarne-zdravstvene-za-tite","Lokacije ordinacija primarne zdravstvene zaštite, Mjesni odbori, Nacionalne manjine, Pokazatelji uspješnosti rada ordinacija primarne zdravstvene zaštite, Registar umjetničkih organizacija"
"71ac9d8f-12a5-5b7f-84da-bf2e84115e02","https://data.gov.hr/ckan/dataset/mjesni-odbori","Lokacije ordinacija primarne zdravstvene zaštite, Mjesni odbori, Nacionalne manjine, Pokazatelji uspješnosti rada ordinacija primarne zdravstvene zaštite, Registar umjetničkih organizacija"
"2f930752-5d06-5b94-97a9-b4d32abb24ee","https://data.gov.hr/ckan/dataset/nacionalne-manjine","Lokacije ordinacija primarne zdravstvene zaštite, Mjesni odbori, Nacionalne manjine, Pokazatelji uspješnosti rada ordinacija primarne zdravstvene zaštite, Registar umjetničkih organizacija"
"37dace75-3568-57d8-8b2a-ed94a68f8b53","https://data.gov.hr/ckan/dataset/pokazatelji-uspje-nosti-rada-ordinacija-primarne-zdravstvene-za-tite","Lokacije ordinacija primarne zdravstvene zaštite, Mjesni odbori, Nacionalne manjine, Pokazatelji uspješnosti rada ordinacija primarne zdravstvene zaštite, Registar umjetničkih organizacija"
"a6f985b8-96cb-5ff8-8ca6-2bf1ea7e2f2b","https://data.gov.hr/ckan/dataset/registar-umjetnickih-organizacija","Lokacije ordinacija primarne zdravstvene zaštite, Mjesni odbori, Nacionalne manjine, Pokazatelji uspješnosti rada ordinacija primarne zdravstvene zaštite, Registar umjetničkih organizacija"
"0640ccfa-af26-53fd-ba69-664f74af2f37","https://data.gov.hr/ckan/dataset/popis-upravitelja-zgradama","Popis upravitelja, Komunalni prioriteti, Poslovni prostori, Ugovori o najmu"
"3f376f50-c0a6-51e5-9237-652e7e8d651c","https://data.gov.hr/ckan/dataset/realizacija-plana-raspodjele-sredstava-za-komunalne-prioritete-na-podrucju-mjesnih-odbora-2017","Popis upravitelja, Komunalni prioriteti, Poslovni prostori, Ugovori o najmu"
"8ac9313c-0a8f-5d7f-a4fe-b142a23612b4","https://data.gov.hr/ckan/dataset/poslovni-prostori-u-zakupu1","Popis upravitelja, Komunalni prioriteti, Poslovni prostori, Ugovori o najmu"
"964ab65f-86a8-5c72-94be-8424cb81ab15","https://data.gov.hr/ckan/dataset/registar-ugovora-o-najmu-i-pravnih-osnova-u-2020-godini","Popis upravitelja, Komunalni prioriteti, Poslovni prostori, Ugovori o najmu"
"b0bf1415-edbc-5339-a926-4f309ef0f688","https://data.gov.hr/ckan/dataset/srednje-skole-grad-zagreb","Srednje škole, Dolasci i noćenja turista, Policijske postaje, Gradska tijela, Studijski programi visokih učilišta"
"168a426e-ece3-5dde-815c-ebc5515381e9","https://data.gov.hr/ckan/dataset/dolasci-i-nocenja-turista","Srednje škole, Dolasci i noćenja turista, Policijske postaje, Gradska tijela, Studijski programi visokih učilišta"
"9cec6220-a5f0-5125-a2e2-2eb37b1b9904","https://data.gov.hr/ckan/dataset/policijske-postaje1","Srednje škole, Dolasci i noćenja turista, Policijske postaje, Gradska tijela, Studijski programi visokih učilišta"
"c55d8f7f-fb70-5e22-8c2c-80dc0f0a90a1","https://data.gov.hr/ckan/dataset/geoportal-gradska-tijela","Srednje škole, Dolasci i noćenja turista, Policijske postaje, Gradska tijela, Studijski programi visokih učilišta"
"2b88de08-3019-5615-80c5-c481c64fe7e9","https://data.gov.hr/ckan/dataset/studijski-programi-visokih-ucilista","Srednje škole, Dolasci i noćenja turista, Policijske postaje, Gradska tijela, Studijski programi visokih učilišta"
"b5f53b6e-f94d-548a-98db-2e517d6fb72b","https://data.gov.hr/ckan/dataset/wifi-tocke-u-gradu","Igrališta, WiFi, Srednje škole, Sigurne zone, Naziv ulica"
"9695dc42-8c11-5ccb-b361-263c6f513167","https://data.gov.hr/ckan/dataset/popis-srednjih-skola-grada-zagreba","Igrališta, WiFi, Srednje škole, Sigurne zone, Naziv ulica"
"1cebaada-bae2-50b9-b12f-43b63caa11c8","https://data.gov.hr/ckan/dataset/karta-sigurnih-zona-u-slucaju-potresa","Igrališta, WiFi, Srednje škole, Sigurne zone, Naziv ulica"
"d5144a6a-81f0-540f-8650-baff95652e92","https://data.gov.hr/ckan/dataset/registar-naziva-ulica","Igrališta, WiFi, Srednje škole, Sigurne zone, Naziv ulica"
"a9e89711-b0f6-5941-937f-e9cab51fdf7f","https://data.gov.hr/ckan/dataset/prostorni-planovi-zadarska-zupanija-wms","Prostorni planovi - Zadarska županija,Prostorni planovi - Grad Zagreb,Broj pacijenata po ordinaciji , Registar dužnosnika,Popis tijela javne vlasti"
"1e695e92-d0af-5171-b49d-79cd5293fb7d","https://data.gov.hr/ckan/dataset/prostorni-planovi-grad-zagreb-wms","Prostorni planovi - Zadarska županija,Prostorni planovi - Grad Zagreb,Broj pacijenata po ordinaciji , Registar dužnosnika,Popis tijela javne vlasti"
"9023eef5-4f0d-55c2-848e-e31fad7785ad","https://data.gov.hr/ckan/dataset/broj-pacijenata-po-ordinaciji-primarne-zdravstvene-za-tite","Prostorni planovi - Zadarska županija,Prostorni planovi - Grad Zagreb,Broj pacijenata po ordinaciji , Registar dužnosnika,Popis tijela javne vlasti"
"7fa75601-b9ec-5660-a84b-03f8e3662b53","https://data.gov.hr/ckan/dataset/registar-duznosnika","Prostorni planovi - Zadarska županija,Prostorni planovi - Grad Zagreb,Broj pacijenata po ordinaciji , Registar dužnosnika,Popis tijela javne vlasti"
"ae49dfb0-cb85-56b9-9e4a-60d588ce113e","https://data.gov.hr/ckan/dataset/azurirani-popis-tijela-javne-vlasti","Prostorni planovi - Zadarska županija,Prostorni planovi - Grad Zagreb,Broj pacijenata po ordinaciji , Registar dužnosnika,Popis tijela javne vlasti"
"cca4a53c-9a6b-5c2c-a599-de7bb09fbf63","https://data.gov.hr/ckan/dataset/registar-sportskih-djelatnosti-pravne-osobe","Studjski programi u RH, Pravne osobe, Registar osnovnih škola na području Grada Zaprešića, Popis zdravstvenih ustanova na području Općine Petrijanec, Pregled broja utvrđenih neispravnosti na redovnim tehničkim pregledima po pojedinim sklopovima"
"940d0e23-6b3c-5512-9086-71959c999939","https://data.gov.hr/ckan/dataset/registar-osnovnih-skola-na-podrucju-grada-zapresica","Studjski programi u RH, Pravne osobe, Registar osnovnih škola na području Grada Zaprešića, Popis zdravstvenih ustanova na području Općine Petrijanec, Pregled broja utvrđenih neispravnosti na redovnim tehničkim pregledima po pojedinim sklopovima"
"7680acfd-e6ab-5c74-b3b0-cb8c5448f7e7","https://data.gov.hr/ckan/dataset/popis-zdravstvenih-ustanova-na-podrucju-opcine-petrijanec","Studjski programi u RH, Pravne osobe, Registar osnovnih škola na području Grada Zaprešića, Popis zdravstvenih ustanova na području Općine Petrijanec, Pregled broja utvrđenih neispravnosti na redovnim tehničkim pregledima po pojedinim sklopovima"
"2724d6b7-1a68-5f4c-9033-7b6841a0a07a","https://data.gov.hr/ckan/dataset/pregled-broja-utvrdenih-neispravnosti-na-redovnim-tehnickim-pregledima-po-pojedinim-sklopovima","Studjski programi u RH, Pravne osobe, Registar osnovnih škola na području Grada Zaprešića, Popis zdravstvenih ustanova na području Općine Petrijanec, Pregled broja utvrđenih neispravnosti na redovnim tehničkim pregledima po pojedinim sklopovima"
"64943ab5-7b22-5afa-85bf-153c1dd76008","https://data.gov.hr/ckan/dataset/popis-ustrojstvenih-jedinica-hrvatskog-zavoda-za-mirovinsko-osiguranje","Popis ustrojstvenih jedinica HZMO, Imenik tijela javne vlasti, Plan javne nabave, Funkcije u političkim strankama, Registar političkih stranaka"
"570ff2be-d1b7-5165-a283-c8242cdf7e6e","https://data.gov.hr/ckan/dataset/imenik-tijela-javne-vlasti","Popis ustrojstvenih jedinica HZMO, Imenik tijela javne vlasti, Plan javne nabave, Funkcije u političkim strankama, Registar političkih stranaka"
"10bb34ed-0816-5a29-8fd9-2b2fd2750c6e","https://data.gov.hr/ckan/dataset/plan-javne-nabave","Popis ustrojstvenih jedinica HZMO, Imenik tijela javne vlasti, Plan javne nabave, Funkcije u političkim strankama, Registar političkih stranaka"
"e1ce0b42-bf46-5cbf-b4e6-080c76825cf8","https://data.gov.hr/ckan/dataset/duznosti-u-politickim-strankama","Popis ustrojstvenih jedinica HZMO, Imenik tijela javne vlasti, Plan javne nabave, Funkcije u političkim strankama, Registar političkih stranaka"
"44f98da0-0fb0-5743-8e19-d7038c5c5c89","https://data.gov.hr/ckan/dataset/registar-politickih-stranaka-republike-hrvatske","Popis ustrojstvenih jedinica HZMO, Imenik tijela javne vlasti, Plan javne nabave, Funkcije u političkim strankama, Registar političkih stranaka"
"69f832ce-87e1-5b27-ba0a-cd3baf2ce528","https://data.gov.hr/ckan/dataset/pravosudna-tijela-rh)","Pravosudna tijela, Projekti u zdravstvu, Veterinarske ljekarne, Prosjek ocjena, Adresar stranki"
"e6473d5c-0fcb-54f0-88ca-7cc073baaba0","https://data.gov.hr/ckan/dataset/projekti-i-programi-u-zdravstvu-i-socijalnoj-skrbi)","Pravosudna tijela, Projekti u zdravstvu, Veterinarske ljekarne, Prosjek ocjena, Adresar stranki"
"0c679407-5cbe-50a8-89a3-fee24a87401e","https://data.gov.hr/ckan/dataset/prosjek-ocjena-iz-srednje-kole-kandidata-koji-su-ostvarili-pravo-upisa-na-vu-2015-g)","Pravosudna tijela, Projekti u zdravstvu, Veterinarske ljekarne, Prosjek ocjena, Adresar stranki"
"a0f68d00-023f-596a-8be7-1f340a16d1d1","https://data.gov.hr/ckan/dataset/adresar-politickih-stranaka)","Pravosudna tijela, Projekti u zdravstvu, Veterinarske ljekarne, Prosjek ocjena, Adresar stranki"
"d2cd1066-c696-5311-8595-25a5b62fb448","https://data.gov.hr/ckan/dataset/srednje-skole","Srednje škole, Programi potpora Grada Rovinj, Broj vozila, Registri oznaka izvornosti, Kontakti upravnih odjela"
"6f5cbfa9-24a4-5328-8611-54f06d22682e","https://data.gov.hr/sites/default/files/inline-images/skole_izvor.PNG","Srednje škole, Programi potpora Grada Rovinj, Broj vozila, Registri oznaka izvornosti, Kontakti upravnih odjela"
"5813da82-ef8f-524e-8327-d2cf52ba5e58","https://data.gov.hr/sites/default/files/inline-images/Srednje_skole.PNG","Srednje škole, Programi potpora Grada Rovinj, Broj vozila, Registri oznaka izvornosti, Kontakti upravnih odjela"
"6e6c43b2-240f-5f37-ac50-dbee08ab18e9","https://data.gov.hr/ckan/dataset/programi-potpora-grada-rovinj-rovigno","Srednje škole, Programi potpora Grada Rovinj, Broj vozila, Registri oznaka izvornosti, Kontakti upravnih odjela"
"4f5a8b72-348d-5ffd-b8f6-f7f94f7cbe5a","https://data.gov.hr/sites/default/files/inline-images/prazni_retci.PNG","Srednje škole, Programi potpora Grada Rovinj, Broj vozila, Registri oznaka izvornosti, Kontakti upravnih odjela"
"4d870de9-192a-5717-9b30-24dc0396ebf3","https://data.gov.hr/ckan/dataset/broj-vozila-s-elektricnim-i-hibridnim-pogonom","Srednje škole, Programi potpora Grada Rovinj, Broj vozila, Registri oznaka izvornosti, Kontakti upravnih odjela"
"65259877-5ed6-58f5-a9eb-edc3ffcf3236","https://data.gov.hr/sites/default/files/inline-images/hibridni.PNG","Srednje škole, Programi potpora Grada Rovinj, Broj vozila, Registri oznaka izvornosti, Kontakti upravnih odjela"
"e9e517d2-c4f5-58b9-9b0a-9e91141816fe","https://data.gov.hr/ckan/dataset/registri-oznaka-izvornosti-i-oznaka-zemljopisnog-podrijetla","Srednje škole, Programi potpora Grada Rovinj, Broj vozila, Registri oznaka izvornosti, Kontakti upravnih odjela"
"1e55201f-898d-5ce0-8551-15251b0bf32c","https://data.gov.hr/sites/default/files/inline-images/prazni_stupci.PNG","Srednje škole, Programi potpora Grada Rovinj, Broj vozila, Registri oznaka izvornosti, Kontakti upravnih odjela"
"c37eca57-231a-53cc-ae28-9a47170f3bb0","https://data.gov.hr/sites/default/files/inline-images/znakovi.PNG","Srednje škole, Programi potpora Grada Rovinj, Broj vozila, Registri oznaka izvornosti, Kontakti upravnih odjela"
"a75e3e61-7106-5cb7-873a-67697ac04041","https://data.gov.hr/sites/default/files/inline-images/nepravilni_podaci_2.PNG","Srednje škole, Programi potpora Grada Rovinj, Broj vozila, Registri oznaka izvornosti, Kontakti upravnih odjela"
"fea2c01b-425c-52af-b1bb-f32d3ba1c01b","https://data.gov.hr/sites/default/files/inline-images/nepravilni_podaci_1.PNG","Srednje škole, Programi potpora Grada Rovinj, Broj vozila, Registri oznaka izvornosti, Kontakti upravnih odjela"
"942f12c9-262e-54be-b2e6-9b242a33136d","https://data.gov.hr/ckan/dataset/kontakti-upravnih-odjela","Srednje škole, Programi potpora Grada Rovinj, Broj vozila, Registri oznaka izvornosti, Kontakti upravnih odjela"
"214a65d6-bbff-599b-bfdf-a44878b9707d","https://data.gov.hr/sites/default/files/inline-images/kontakti.PNG","Srednje škole, Programi potpora Grada Rovinj, Broj vozila, Registri oznaka izvornosti, Kontakti upravnih odjela"
"445c507f-a74a-5885-91af-ba9851cf6880","https://data.gov.hr/sites/default/files/inline-images/znakovi_2.PNG","Srednje škole, Programi potpora Grada Rovinj, Broj vozila, Registri oznaka izvornosti, Kontakti upravnih odjela"
"4b3922b5-8d96-5449-b900-82aaeee05ccb","https://data.gov.hr/ckan/dataset/popis-pravnih-osoba-od-posebnog-interesa-za-brodsko-posavsku-zupaniju","Srednje škole, Programi potpora Grada Rovinj, Broj vozila, Registri oznaka izvornosti, Kontakti upravnih odjela"
"c5fee1c9-3d12-584b-af9c-e8d5d36b4f07","https://data.gov.hr/ckan/dataset/2013-2017-prikaz-broja-vozila-koji-ulaze-u-gradsko-srediste","2013-2017 Prikaz broja vozila koji ulaze u gradsko središte, Kakvoća mora u Republici Hrvatskoj, Lučke uprave, Popis ovlaštenih pomorskih peljarskih društava, Gradske četvrti i mjesni odbori Grada Šibenika"
"3e1c1c0a-d2aa-53a1-936d-1a2b68b2134a","https://data.gov.hr/ckan/dataset/kakvoca-mora-u-republici-hrvatskoj-konacna-hr","2013-2017 Prikaz broja vozila koji ulaze u gradsko središte, Kakvoća mora u Republici Hrvatskoj, Lučke uprave, Popis ovlaštenih pomorskih peljarskih društava, Gradske četvrti i mjesni odbori Grada Šibenika"
"0fb0c8aa-e9b2-5da0-a560-546f34a8f9aa","https://data.gov.hr/ckan/dataset/https-mmpi-gov-hr-userdocsimages-dokumenti-more-more-10_22-lucke-uprave-4-10_22-xlsx","2013-2017 Prikaz broja vozila koji ulaze u gradsko središte, Kakvoća mora u Republici Hrvatskoj, Lučke uprave, Popis ovlaštenih pomorskih peljarskih društava, Gradske četvrti i mjesni odbori Grada Šibenika"
"8fd1b238-f496-5211-991e-28d4a7d70315","https://data.gov.hr/ckan/dataset/https-mmpi-gov-hr-more-86-sigurnost-plovidbe-104-104","2013-2017 Prikaz broja vozila koji ulaze u gradsko središte, Kakvoća mora u Republici Hrvatskoj, Lučke uprave, Popis ovlaštenih pomorskih peljarskih društava, Gradske četvrti i mjesni odbori Grada Šibenika"
"cceeee9d-d9fd-5c10-9d5a-fdbb2ac94d69","https://data.gov.hr/ckan/dataset/gradske-cetvrti-i-mjesni-odbori-grada-sibenika","2013-2017 Prikaz broja vozila koji ulaze u gradsko središte, Kakvoća mora u Republici Hrvatskoj, Lučke uprave, Popis ovlaštenih pomorskih peljarskih društava, Gradske četvrti i mjesni odbori Grada Šibenika"
"b2ddf14b-3d2f-55b9-9922-c556eae24cae","https://data.gov.hr/ckan/dataset/popis-cesta","Popis nerazvrstanih cesta Općine Lasinja, Registar nekretnina Osječko-baranjske županije, Dobitnici priznanja Osječko-baranjske županije, Plan nabave općine Topusko, Donacije i sponzorstva grada Knina"
"bd2ecdaf-d9e9-5634-8196-c411ef4b6729","https://data.gov.hr/ckan/dataset/registar-nekretnina-obz","Re: Popis nerazvrstanih cesta Općine Lasinja, Registar nekretnina Osječko-baranjske županije, Dobitnici priznanja Osječko-baranjske županije, Plan nabave općine Topusko, Donacije i sponzorstva grada Knina"
"06183fcb-4103-59d5-91df-8fecc83d7b81","https://data.gov.hr/ckan/dataset/dobitnici-priznanja","Re: Popis nerazvrstanih cesta Općine Lasinja, Registar nekretnina Osječko-baranjske županije, Dobitnici priznanja Osječko-baranjske županije, Plan nabave općine Topusko, Donacije i sponzorstva grada Knina"
"06a31c97-6346-5863-b745-940ea89db03e","https://data.gov.hr/ckan/dataset/https-www-topusko-hr-pravo_na_pristup_informacijama_u_opcini_topusko-html","Re: Popis nerazvrstanih cesta Općine Lasinja, Registar nekretnina Osječko-baranjske županije, Dobitnici priznanja Osječko-baranjske županije, Plan nabave općine Topusko, Donacije i sponzorstva grada Knina"
"492cecbe-47aa-5714-9a3c-6a50e5809e73","https://data.gov.hr/ckan/dataset/donacije-i-sponzorstva-gk","Re: Popis nerazvrstanih cesta Općine Lasinja, Registar nekretnina Osječko-baranjske županije, Dobitnici priznanja Osječko-baranjske županije, Plan nabave općine Topusko, Donacije i sponzorstva grada Knina"
"102ef4bd-d6db-5d9f-97ed-ce18a687c8b0","https://data.gov.hr/ckan/dataset/registar-sponzorstva-donacija-pomoci-i-subvencija-u-2021-g","Registar sponzorastva, ugovora javne nabave, nekretnina, pregled financijskog djelovanja, evidencija komunalne infrastrukture"
"cdadf024-0902-516b-bb1c-308474cab1cd","https://data.gov.hr/ckan/dataset/registar-ugovora-javne-nabave-opcine-solta","Registar sponzorastva, ugovora javne nabave, nekretnina, pregled financijskog djelovanja, evidencija komunalne infrastrukture"
"9904cc5a-2ae9-5aa7-be39-a98d404e94e3","https://data.gov.hr/ckan/dataset/https-www-topusko-hr-dokumenti-pdf-registar-20nekretnina-20opcine-20topusko-pdf","Registar sponzorastva, ugovora javne nabave, nekretnina, pregled financijskog djelovanja, evidencija komunalne infrastrukture"
"059a7a3d-3f45-5bb8-b57e-4d627f7db8fe","https://data.gov.hr/ckan/dataset/http-www-stupnik-hr-itransparentnost","Registar sponzorastva, ugovora javne nabave, nekretnina, pregled financijskog djelovanja, evidencija komunalne infrastrukture"
"c6fdd953-29b4-5899-ab39-dcb3095c5d8b","https://data.gov.hr/ckan/dataset/evidencija-komunalne-infrastrukture-opcine-marusevec","Registar sponzorastva, ugovora javne nabave, nekretnina, pregled financijskog djelovanja, evidencija komunalne infrastrukture"
"2e0f1cb1-8462-5086-bf0b-af077f56e704","https://data.gov.hr/ckan/dataset/evidencija-komunalne-infrastrukture-opcine-marusevec/resource/6b0612e9-f256-4894-a14f-44065a283bf3","Registar sponzorastva, ugovora javne nabave, nekretnina, pregled financijskog djelovanja, evidencija komunalne infrastrukture"
"3d74bf3f-44ca-5366-a9ad-ff859a9d3396","https://data.gov.hr/ckan/dataset/evidencija-komunalne-infrastrukture-opcine-marusevec/resource/ea52043d-3e7a-4c92-97b4-68cb9d86972e","Registar sponzorastva, ugovora javne nabave, nekretnina, pregled financijskog djelovanja, evidencija komunalne infrastrukture"
"ff618ea7-9666-5378-b49b-c79b7f0744cd","https://data.gov.hr/ckan/dataset/evidencija-komunalne-infrastrukture-opcine-marusevec/resource/40198054-d3bf-4e33-b363-251a2b6e5889","Registar sponzorastva, ugovora javne nabave, nekretnina, pregled financijskog djelovanja, evidencija komunalne infrastrukture"
"f7529aaa-a0bb-53b5-a027-321adce8e947","https://data.gov.hr/ckan/dataset/evidencija-komunalne-infrastrukture-opcine-marusevec/resource/9955b677-f3c6-415a-9922-f0b4e83c6ef1","Registar sponzorastva, ugovora javne nabave, nekretnina, pregled financijskog djelovanja, evidencija komunalne infrastrukture"
"cb505d7c-b5d3-5314-a464-b4650cbb9630","https://data.gov.hr/ckan/dataset/evidencija-komunalne-infrastrukture-opcine-marusevec/resource/ce41f3cf-b0ae-4ba4-ba64-5d64241108c4","Registar sponzorastva, ugovora javne nabave, nekretnina, pregled financijskog djelovanja, evidencija komunalne infrastrukture"
"93ec738e-5fea-5fd2-a157-88ef56bd7c19","https://data.gov.hr/ckan/dataset/evidencija-komunalne-infrastrukture-opcine-marusevec/resource/7ad7863e-1fe1-4f21-be99-b6ed01bcbc29","Registar sponzorastva, ugovora javne nabave, nekretnina, pregled financijskog djelovanja, evidencija komunalne infrastrukture"
"601743ad-025e-5b19-a771-ec829fa34855","https://data.gov.hr/ckan/dataset/geoportal-sustav-javnih-bicikala","Turistički objekti, peljarska društva, rezultati izbora predsjednika, predškolske ustanove Zagrebačke županije, javna bicikla"
"2b9fc6ec-fef8-531f-b387-082e7363c046","https://data.gov.hr/ckan/dataset/popis-predskolskih-ustanova-na-podrucju-zagrebacke-zupanije","Turistički objekti, peljarska društva, rezultati izbora predsjednika, predškolske ustanove Zagrebačke županije, javna bicikla"
"b130f2f4-08aa-5634-ad4e-cff3ea2cbe41","https://data.gov.hr/ckan/dataset/rezultati-izbora-za-predsjednika-republike-hrvatske","Turistički objekti, peljarska društva, rezultati izbora predsjednika, predškolske ustanove Zagrebačke županije, javna bicikla"
"00a99233-2b9b-57bd-a1be-444570ae6aeb","https://data.gov.hr/ckan/dataset/popis-kategoriziranih-turisti-kih-objekata","Turistički objekti, peljarska društva, rezultati izbora predsjednika, predškolske ustanove Zagrebačke županije, javna bicikla"
"64dbfd71-b0cf-5804-ae27-b0fb0ecc6438","https://data.gov.hr/ckan/dataset/plan-nabave-grada-rijeke-za-2023-godinu","Plan nabave Grada Rijeke za 2023. godinu, Geoportal vatrogasci, Evidencija o komunalnoj infrastrukturi - Groblja i krematoriji na grobljima, Reciklažna dvorišta Grada Zagreba, Adresar školskih knjižnica za 2019. godinu"
"51e3e7af-5c68-59d8-84a4-4e3101df0ac0","https://data.gov.hr/ckan/dataset/geoportal-vatrogasci","Plan nabave Grada Rijeke za 2023. godinu, Geoportal vatrogasci, Evidencija o komunalnoj infrastrukturi - Groblja i krematoriji na grobljima, Reciklažna dvorišta Grada Zagreba, Adresar školskih knjižnica za 2019. godinu"
"3aae2aaa-2491-5ac1-a07c-d16f175abb3d","https://data.gov.hr/ckan/dataset/evidencija-o-komunalnoj-infrastrukturi-groblja-i-krematoriji-na-grobljima","Plan nabave Grada Rijeke za 2023. godinu, Geoportal vatrogasci, Evidencija o komunalnoj infrastrukturi - Groblja i krematoriji na grobljima, Reciklažna dvorišta Grada Zagreba, Adresar školskih knjižnica za 2019. godinu"
"f476dfb5-29a3-5fcf-a1ea-25daa0f3c863","https://data.gov.hr/ckan/dataset/adresar-skolskih-knjiznica-za-2019-godinu","Plan nabave Grada Rijeke za 2023. godinu, Geoportal vatrogasci, Evidencija o komunalnoj infrastrukturi - Groblja i krematoriji na grobljima, Reciklažna dvorišta Grada Zagreba, Adresar školskih knjižnica za 2019. godinu"
"210c47f6-e1eb-586c-80c9-c252b3dafdab","https://data.gov.hr/ckan/dataset/reciklazna-dvorista-grada-zagreba","Plan nabave Grada Rijeke za 2023. godinu, Geoportal vatrogasci, Evidencija o komunalnoj infrastrukturi - Groblja i krematoriji na grobljima, Reciklažna dvorišta Grada Zagreba, Adresar školskih knjižnica za 2019. godinu"
"3bc7dfaf-2494-5611-8968-39894cd5ed78","https://data.gov.hr/ckan/dataset/autobusne-linije1","Autobusne Stanice i Linije Autotroleja, Četvrti Pule, Sportske djelatnosti u Međimurju i Ustanove za visoko obrazovanje"
"47286396-b72a-5cc0-bd2e-c736bab12e65","https://data.gov.hr/ckan/dataset/autobusne-stanice1","Autobusne Stanice i Linije Autotroleja, Četvrti Pule, Sportske djelatnosti u Međimurju i Ustanove za visoko obrazovanje"
"8cac35ce-5f17-5358-8814-f798035717f4","https://data.gov.hr/ckan/dataset/cetvrti-grada-pule","Autobusne Stanice i Linije Autotroleja, Četvrti Pule, Sportske djelatnosti u Međimurju i Ustanove za visoko obrazovanje"
"ed4c8291-74d5-52e8-938b-6788b58b44fd","https://data.gov.hr/ckan/dataset/registar-sportskih-djelatnosti-u-medimurskoj-zupaniji-pravne-osobe","Autobusne Stanice i Linije Autotroleja, Četvrti Pule, Sportske djelatnosti u Međimurju i Ustanove za visoko obrazovanje"
"c19769c8-bcd0-595f-9e79-a7759e74f64a","https://data.gov.hr/ckan/dataset/ustanove-iz-sustava-visokog-obrazovanja","Autobusne Stanice i Linije Autotroleja, Četvrti Pule, Sportske djelatnosti u Međimurju i Ustanove za visoko obrazovanje"
"c3b760ce-1cd0-508e-a66f-a3b414b51f3c","https://data.gov.hr/ckan/dataset/kulturna-dobra","Registar kulturnih dobara"
"4de0585c-c513-5418-b011-ef8576aab0f6","https://data.gov.hr/ckan/dataset/centri-za-socijalnu-skrb/resource/b3ee0d1f-3802-455a-a091-15ea6eb40490","Centri za socijalnu skrb"
"10d55ce9-5393-5d69-ae82-3dbe9b2ab9de","https://data.zagreb.hr/dataset/79abdda1-6873-43dc-8a8f-d2fc70e88a7e/resource/c978f97a-f0da-4efd-8376-4b50deb2b01a/download/intervencije2015s.csv","Hitne intervencije na području Grada Zagreba 2015"
"9eba8937-b3b0-5d14-b9b5-45db1bdfd22e","https://data.gov.hr/ckan/dataset/statistika-zahtjeva-za-privremeni-boravak-u-svrhu-boravka-digitalnih-nomada-podnesenih-u-2023-godini/resource/646ef3e9-8fcc-476c-89eb-4bae3c384432","Statistika zahtjeva za privremeni boravak u svrhu boravka digitalnih nomada"
"264f6a08-c9a6-529c-8228-d737fe91d751","https://data.gov.hr/ckan/dataset/eb45f406-6d87-49f9-92c7-214ad78d6910/resource/92f45f20-1ece-495b-8519-b696c3adf7cf/download/mjesena-statisika-dozvole-za-boravak-i-rad-svibanj-2023.xlsx","Statistički podaci izdanih dozvola za boravak i rad"
"66256fe0-724b-5413-892a-b4fcab3781d2","https://data.gov.hr/ckan/dataset/geoportal-elektricne-punionice","Geoportal električne punionice"
"6bca4f9c-25bd-5540-ac1f-8c2d7ec39e22","https://data.gov.hr/ckan/dataset/popis-autobusnih-taxi-i-ostalih-prijevoznika","Popis autobusnih, taxi i ostalih prijevoznika"
"ec2595cc-8073-506d-a335-0b5b2126a301","https://data.gov.hr/ckan/dataset/dimnjacarske-koncesije","Dimnjačarske koncesije"
"fefd3a4d-0288-5759-86cb-143ee31324b8","https://data.gov.hr/ckan/dataset/evidencija-javne-rasvjete","Evidencija javne rasvjete"
"970bd9b1-1af6-580d-a85c-8d2c69f3b7c7","https://data.gov.hr/ckan/dataset/kontakti-djelatnika-gradske-uprave","Kontakti djelatnika Gradske uprave"
"57d9fbb3-fb56-5f08-a8fb-270fc4533a1d","https://data.gov.hr/ckan/dataset/popis-udruga-na-podrucju-opcine-starigrad","Popis udruga na području Općine Starigrad"
"02945fbe-5c17-5b4a-9494-05433c72fe76","https://data.gov.hr/ckan/dataset/udruge-za-mlade-s-podrucja-pgz1","Udruge za mlade s područja PGŽ"
"3c9e2d81-7604-596a-8cb7-faf6cb00e6c0","https://data.gov.hr/ckan/dataset/https-kckzz-hr-javna-nabava-plan-nabave/resource/cae7e9c5-017c-4023-b728-c484613f2b77","Plan nabave za 2021. godinu"
"d4bdf2b9-4717-55bf-8065-b574c3e977a9","https://data.gov.hr/ckan/dataset/geoportal-besplatna-wifi-mreza","Geoportal besplatna WiFi mreža"
"384e5350-869a-5295-b007-80b7d0b6df7d","https://data.gov.hr/ckan/dataset/evidencija-pravnih-osoba-katolicke-crkve-u-republici-hrvatskoj","Evidencija pravnih osoba Katoličke Crkve u Republici Hrvatskoj"
"5a90aac7-9a1d-5233-9851-26554caedf21","https://data.gov.hr/ckan/dataset/evidencija-vjerskih-zajednica-u-republici-hrvatskoj","Evidencija vjerskih zajednica u Republici Hrvatskoj"
"38a3f9b5-5264-5616-bcf0-82c4cfea7bab","https://data.gov.hr/ckan/dataset/mmpi-gov-hr-userdocsimages-dokumenti-promet-promet-2_23-popis-ustanova-vozaci-adr-6-2_23-xlsx","Popis ustanova za stručno osposobljavanje vozača za prijevoz opasnih tvari u cestovnom prometu"
"636cbdfa-350f-5c4c-bb4b-9a800064ef86","https://data.gov.hr/ckan/dataset/slobodna-parkirna-mjesta-trenutni-uvid1","Slobodna parkirna mjesta na parkiralištima u Rijeci"
"4ce3be65-efb7-551a-9194-7b6ae82ac0e9","https://data.gov.hr/ckan/dataset/plavi-ceker","Projekt Plavi ceker"
"245d4c18-759b-5fc5-8936-ffd278254bfe","https://data.gov.hr/ckan/dataset/ljekarne-grad","Ljekarne Grada Zagreba"
"3007e608-7631-5426-8442-d56a14a43d2a","https://data.gov.hr/ckan/data","Geoportal Javne površine za pse"
"fd09b4ca-babf-5d37-b628-48d96e80d6a0","https://data.gov.hr/ckan/dataset/projekti-europske-unije","Projekti Europske Unije u provedbi"
"03ef25f0-76dd-5f60-a6db-8a769f27d29d","https://data.gov.hr/ckan/dataset/registar-stranih-udruga-u-republici-hrvatskoj","Registar stranih udruga u Republici Hrvatskoj"
"91d65efc-6222-5993-8e13-1e41ea07cca0","https://data.gov.hr/ckan/dataset/osnovne-skole-grad-zagreb","Osnovne škole Grad Zagreb"
"f43acd49-ece8-5ca3-a059-10af06398106","https://data.gov.hr/ckan/dataset/vazni-telefonski-brojevi-opcine-ljubescica","Važni telefonski brojevi Općine Ljubešćica"
"a0cc7a35-9a25-5352-9667-6ca3b1cf24c0","https://data.gov.hr/ckan/dataset/ocevidnik-kazalista","Očevidnik kazališta"
"122465f9-ca82-5fab-bec3-bdefcb803520","https://data.gov.hr/ckan/dataset/javni-prijevoz-os","Javni prijevoz"
"82f378c4-ea39-5162-b562-8d6917312d83","https://data.gov.hr/ckan/dataset/evidencija-ormara-javne-rasvjete","Evidencija ormara javne rasvjete"
"87b044f7-7f86-5d56-8aa6-17eee908d0f9","https://data.gov.hr/ckan/dataset/imovina-u-vlasnistvu-grada-duge-rese","Imovina u vlasništvu Grada Duge Rese"
"b58d5f0a-afc8-5b61-8125-fe9593b1f81d","https://data.gov.hr/ckan/dataset/obrtnici","Obrtnici"
"be058609-d4da-51c4-aee6-7ffd8eb15329","https://data.gov.hr/ckan/dataset/registar-poslovnih-prostora-grada-duge-rese","Registar poslovnih prostora Grada Duge Rese"
"cb5180df-5dd9-5716-89bf-7407cb0ad342","https://data.gov.hr/ckan/api/3/action/datastore_search?resource_id=1d9b6d65-a3d6-4d72-9c98-d30619a78b6f","Registar poslovnih prostora Grada Duge Rese"
"33b2c998-fd07-54da-9fe4-9835ce04d6b9","https://data.gov.hr/ckan/dataset/iii-izmjene-i-dopune-proracuna-za-2022-godinu","III. Izmjene i dopune proračuna Međimurske županije za 2022. godinu"
"0ffb1dab-5852-5d9b-887d-e7b9c5b992b3","https://data.gov.hr/ckan/api/3/action/datastore_search?resource_id=ce2a9cd9-a106-4f39-8e5c-211fa99a361f","III. Izmjene i dopune proračuna Međimurske županije za 2022. godinu"
"9d9e20c5-6b36-5974-9d88-7e2c08bffe8a","https://data.gov.hr/ckan/dataset/plan-nabave-roba-radova-i-usluga-za-2020-godinu","Plan nabave roba, radova i usluga za 2020. godinu"
"db2d438a-fb0b-54bd-a756-939793308a06","https://data.gov.hr/ckan/dataset/popis-komunalne-infrastrukture-grada-omisa","Popis komunalne infrastrukture Grada Omiša"
"8f29a036-e76b-5503-b7fe-b9f0213b4033","https://data.gov.hr/ckan/dataset/sastav-gradskog-vijeca-grada-sibenika","Gradsko vijeće grada Šibenika"
"8aa2f771-3a38-5b6b-b13e-81a662002373","https://data.gov.hr/ckan/dataset/registar-zaklada-republike-hrvatske","Registar zaklada Republike Hrvatske"
"4ac86c79-1992-5ac8-881a-83e0f2ed6ff7","https://data.gov.hr/ckan/dataset/geoportal-pjesacka-zona?fbclid=IwAR0_rtWug2bzV7mQHhAj1b0idpz3HwsK8dbS0aBFjQsPE56jG2_98YxnCHU","Geoportal pješačka zona"
"fb9181be-6983-5436-ba04-9a8917b16530","https://data.gov.hr/ckan/dataset/geoportal-ljekarne","Geoportal Ljekarne"
"29dbbf93-a4fa-506d-b487-2e9523dac6bd","https://data.gov.hr/ckan/dataset/https-mmpi-gov-hr-userdocsimages-dokumenti-more-more-3_23-lucke-uprave-14-7_23-xlsx","Lučke uprave"
"35c97086-3d0e-5acf-af5a-2a9e4a6a2a87","https://data.gov.hr/ckan/dataset/djecji-vrtici","Dječji vrtići"
"900d0556-31ad-5783-82a8-fa7541bf739f","https://data.gov.hr/ckan/dataset/pomocnici-u-nastavi-2016-2017","Pomoćnici u nastavi"
"69481365-9eae-5e8d-8695-02edf4fe98d8","https://data.gov.hr/ckan/dataset/pomocnici-u-nastavi-2016-2017/resource/07b6bd79-6c71-4f0e-8c55-e75f0e1a4246","Pomoćnici u nastavi"
"cdba270c-0165-55db-8764-a8fc1cc735b4","https://data.gov.hr/ckan/dataset/pomocnici-u-nastavi-2016-2017/resource/130429bd-bfa5-4fd7-bf9b-dbddc3544944","Pomoćnici u nastavi"
"7e4636b7-e9f9-57e6-b633-d789c856ece4","https://data.gov.hr/ckan/dataset/adresar-politickih-stranaka","Adresar političkih stranaka"
"0c296d05-7a9a-58d0-a668-eb2c5acc280a","https://data.gov.hr/ckan/dataset/raskrizja-sa-zvucnim-signalizatorima","Raskrižja sa zvučnim signalizatorima"
"d7d68145-3c99-5dbf-80b2-47b27ae9d929","https://data.gov.hr/ckan/dataset/holding-podruznice","Holding podružnice"
"0b888905-3c3f-56dd-8673-6bb3813e7e43","https://data.gov.hr/ckan/dataset/registar-sportskih-djelatnosti1","Registar sportskih djelatnosti"
"888a0bf9-d9f1-5fd1-9f90-d0ffc8f35260","https://data.gov.hr/ckan/dataset/1-izmjene-i-dopune-plana-nabave-za-2023-godinu","1. izmjene i dopune plana nabave za 2023. godinu"
"bf1579bb-b0c9-5383-9bdd-85a1ea6795da","https://data.gov.hr/ckan/dataset/odrzavanje-plaza-na-podrucju-grada-rijeke","Održavanje plaža na području Grada Rijeke"
"a98c1b99-01bf-53f4-842f-2d30d76a53e7","https://data.gov.hr/ckan/dataset/registar-imovine-opcine-milna","Registar imovine Općine Milna"
"bd21c2f7-3889-55e1-8e3b-51fad7d77fbe","https://data.gov.hr/ckan/dataset/plan-komunalnih-akcija-grada-zagreba","Plan komunalnih akcija Grada Zagreba"
"cb37cf91-899d-5a88-a4b4-7910a1ee09f4","https://data.gov.hr/ckan/dataset/gradsko-vijece-grada-samobora","Gradsko vijeće Grada Samobora"
"75561fe4-0cbd-5dc7-9ffd-88d9d6e7e2fe","https://data.gov.hr/ckan/dataset/popis-serija-cjepiva-i-lijekova-iz-ljudske-krvi-ili-ljudske-plazme-u-prometu","Popis serija cjepiva i lijekova iz ljudske krvi ili ljudske plazme u prometu"
"c23e2264-9972-564d-8e04-07e70a0493d2","https://data.gov.hr/ckan/dataset/popis-gradova-i-opcina-brodsko-posavske-zupanije","Popis gradova i općina Brodsko-posavske županije"
"a0f6b61a-16a8-5957-855f-e06457971e60","https://data.gov.hr/ckan/dataset/popis-vijecnika","Popis vijećnika"
"1d46eaa8-0961-50f5-9a4b-c42f6b1c183d","https://data.gov.hr/ckan/dataset/ovlastene-veterinarske-organizacije","Ovlaštene veterinarske organizacije"
"d814c352-df56-553b-a0fc-7e49d303f953","https://data.gov.hr/ckan/dataset/osnovne-informacije-o-javnim-ustanovama-koje-upravljaju-zasticenim-podrucjima-wms","Osnovne informacije o Javnim ustanovama koje upravljaju zaštićenim područjima - WMS"
"aa12abf5-65b4-5271-817b-2aae15798dcc","https://data.gov.hr/ckan/dataset/projekti-sufinancirani-iz-fondova-eu","Projekti sufinancirani iz fondova EU"
"552970e3-c563-53c7-b875-5b95fda1d533","https://data.gov.hr/ckan/dataset/adresar-osnovnih-skola-u-gradu-rijeci1","Adresar osnovnih škola u Gradu Rijeci"
"4eccc5ef-4cc5-56f2-9be2-20b49e549ae3","https://data.gov.hr/ckan/dataset/registar-pravnih-osoba-koje-obavljaju-sportsku-djelatnost-koprivnicko-krizevacke-zupanije","Registar pravnih osoba koje obavljaju sportsku djelatnost Koprivničko-križevačke županije"
"15c98b83-25fb-5aed-8941-4d48480adcc7","https://data.gov.hr/ckan/dataset/gradsko-vijece-grada-rijeke1","Gradsko vijeće Grada Rijeke"
"d8c34fbb-5519-56a3-a4dc-9f7a8ff19514","https://data.gov.hr/ckan/dataset/djecji-vrtici-grada-zagreba","Dječji vrtići Grada Zagreba"
"fb138956-9923-5b19-8142-41d32142ef82","https://data.gov.hr/otvorena-dozvola","Popis serija cjepiva i lijekova iz ljudske krvi ili ljudske plazme u prometu"
"43f58f28-625e-5af5-95c1-152a3e5da7f2","https://data.gov.hr/ckan/dataset/odrzavanje-cistoce-igralista","Održavanje čistoće igrališta"
"708c4cc0-366c-5a2f-b942-2bbdfb449ea7","https://data.gov.hr/ckan/dataset/baza-prijevoda-hrvatske-knjizevnosti","Baza prijevoda hrvatske književnosti"
"7c8b4509-1dbf-5e8f-82cf-6ecb4fac0e87","https://data.gov.hr/ckan/dataset/pracenje-stanja-radioaktivnosti-u-okolisu-u-republici-hrvatskoj-2022","Praćenje stanja radioaktivnosti u okolišu u Republici Hrvatskoj 2022."
"5252f181-15e5-5d5a-8c7e-621c52b16ac6","https://data.gov.hr/ckan/dataset/ustanove-iz-sustava-znanosti","Ustanove iz sustava znanosti"
"2f40b4a6-c1a3-51d1-88ac-d82ca3f1c6f8","https://data.gov.hr/ckan/dataset/za-ti-ena-phttps://data.gov.hr/ckan/dataset/ustanove-i-institucije-gmodru-ja-rh","Geoportal Autobusna stajališta ZET"
"9fbf5d65-8207-57d8-8a5e-10d2394080d7","https://data.gov.hr/ckan/dataset/geoportal-autobusna-stajalista-zet/resource/26a95b2c-22f0-4b7e-a1d3-8977b56d91fc","Geoportal Autobusna stajališta ZET"
"9ddbe905-9938-547e-a228-9bfada3b7e1e","https://data.gov.hr/ckan/dataset/trgovacka-drustva-u-vlasnistvu","Trgovačka društva u vlasništvu"
"56bcb102-f607-52c9-a31e-bdc57a04cf14","https://data.gov.hr/ckan/dataset/udruge-i-klubovi-opcine-selnica","Udruge i klubovi Općine Selnica"
"34b4310b-3bbf-5ffd-96f6-b9202852ee54","https://data.gov.hr/ckan/dataset/adresni-model-opcina-cavle","Adresni model Općina Čavle"
"152513c6-92e3-5ae5-ae17-ffd11f7879c9","https://data.gov.hr/ckan/dataset/evidencija-gradevina-i-uredaja-javne-namjene","Evidencija građevina i uređaja javne namjene"
"77dc4caf-ee92-5211-80b7-676b49d679db","https://data.gov.hr/ckan/dataset/vrtici-skole-i-ustanove-kojima-je-grad-slatina-osnivac","Vrtići, škole i ustanove kojima je Grad Slatina osnivač"
"431cb5ac-fd67-5b47-9a17-70c611b17176","https://data.gov.hr/ckan/dataset/plan-nabave-fond-za-azil-migracije-i-integraciju-2023-godina-tridesetcetvrte-izmjene-plana","Plan nabave Fond za azil, migracije i integraciju, 2023. godina, tridesetčetvrte izmjene plana"
"fef80c18-74ec-560e-accf-0dbe065fba2a","https://data.gov.hr/ckan/dataset/veterinarske-stanice","Veterinarske stanice"
"86e04748-5608-502e-a134-a04649ff6281","https://data.zagreb.hr/dataset/ab4a3751-c938-494f-bfd7-dc78eaba2085/resource/79f97a3e-fe0a-46c2-8434-d3e1123d4250/download/geoportalgradskivrt.csv","Geoportal gradski vrt"
"a9b4fd73-774c-5682-89dd-00d31a9888af","https://data.gov.hr/ckan/dataset/intermodalni-transport","Intermodalni transport"
"903185d5-7d86-5707-b2e6-30510d0791cc","https://data.gov.hr/ckan/dataset/javna-parkiralista-na-podrucju-opcine-ljubescica","Javna parkirališta na području Općine Ljubešćica"
"e2cc78f4-963c-5111-94a2-b2572ecb52fe","https://data.gov.hr/ckan/dataset/registar-ugovora-javne-nabave-okvirnih-sporazuma-i-jednostavne-nabave","Registar ugovora javne nabave, okvirnih sporazuma i jednostavne nabave"
"5bf865f7-1126-5044-826e-8a51f0979559","https://data.gov.hr/ckan/dataset/funkcije-u-tjv","Funkcije u TJV"
"dd5b09fe-beff-52c0-a241-1a9ad5574262","https://data.gov.hr/ckan/dataset/pravosudna-tijela-rh","Pravosudna tijela RH"
"a616b5ba-f215-5da0-a011-e3df3d8670c9","https://data.gov.hr/ckan/dataset/plan-proracuna-realizacija-2023-6a407e6d-e304-41e3-a245-afafda55ad28","Plan proračuna i realizacija za 2023."
"ece8c8e4-afbf-562e-993d-cd7e36d741f1","https://data.gov.hr/ckan/dataset/popis-turistickih-agencija","Popis turističkih agencija"
"9b4e70af-de37-584d-85db-9d08335b88d7","https://data.gov.hr/ckan/dataset/registar-profesionalnih-sportskih-klubova","Registar profesionalnih sportskih klubova - nogometni klubovi"
"f9ff4f05-c93e-56e6-a550-9d7159d75e75","https://data.gov.hr/ckan/dataset/popis-autoprijevoznika-u-gradu-zagrebu","Popis autoprijevoznika u Gradu Zagrebu"
"5ff9c4ef-1c36-54de-b32e-4df188b48169","https://data.gov.hr/ckan/dataset/vgc-i-mo-gz","Vijeća gradskih četvrti i Mjesni odbori grada Zagreba"
"6967ca23-662e-5dd9-b0c4-2de594475720","https://data.gov.hr/ckan/dataset/geoportal-domovi-zdravlja","Geoportal Domovi Zdravlja"
"1921ec5d-ee89-57fb-a5ab-0cdfb42f569b","https://data.gov.hr/ckan/dataset/lokacije-zelenih-otoka","Lokacije zelenih otoka"
"1f992ba7-a661-5769-a3bf-3fe8e5182bdb","https://data.gov.hr/ckan/dataset/popis-operatora/resource/4f977268-ad53-448d-9f35-32d5678769f7","Registar operatora elektroničkih komunikacijskih mreža i usluga"
"04606a9d-5b89-50fe-9808-83f485cd267e","https://data.gov.hr/ckan/dataset/api-za-pristup-alatima-objavljenim-na-www-cert-hr/resource/4299ccfa-0cc9-417c-b817-4bc068f0362f","API za pristup alatima objavljenim na www.cert.hr"
"9a7a82fb-c01c-5787-99e8-fd2bf13a4918","https://data.gov.hr/ckan/dataset/udruge-i-klubovi-opcine-sopje/resource/98dd29da-b3bc-461e-89db-26cf9e7151e1","Udruge i klubovi Općine Sopje"
"a2eac308-df6f-586d-ba5a-71c03c6b2400","https://data.gov.hr/ckan/dataset/registar-ugovora-om-2021/resource/a51618ab-7a09-4860-9fad-266d024c8195","Registar Ugovora Općine Mikleuš za 2021. godinu"
"62ee5664-3544-5e41-bcf5-138201d002c1","https://data.gov.hr/ckan/dataset/activity/ucenicki-domovi-na-podrucju-medimurske-zupanije","Učenički domovi na području Međimurske županije"
"ff19621b-15c1-54f1-8238-1c8d58ab36ee","https://data.gov.hr/ckan/dataset/popis-fizickih-osoba-ovlastenih-za-izradu-elaborata-zastite-od-pozara","Popis fizičkih osoba ovlaštenih za izradu elaborata zaštite od požara"
"b02a8eac-2cb8-512f-8f5a-75523111ecde","https://data.gov.hr/ckan/dataset/popis-nerazvrstanih-cesta-rovinj-rovigno","Popis nerazvrstanih cesta Rovinj-Rovigno"
"c3df2f65-daf5-5260-b8c5-fc57afc0e25c","https://data.gov.hr/ckan/dataset/https-mmpi-gov-hr-promet-cestovni-promet-124-124","Popis ovlaštenih pravnih i fizičkih osoba za provođenje programa za stjecanje početnih kvalifikacija i periodičke izobrazbe za vozača za prijevoz tereta i putnika"
"98e88a23-d9b3-5d29-ac8c-755e83b12fc5","https://data.gov.hr/ckan/dataset/registar-ugovora-o-javnoj-nabavi-okvirnih-sporazumai-jednostavne-nabave-na-dan-30-lipnja-2022","Registar ugovora o javnoj nabavi, okvirnih sporazumai jednostavne nabave na dan 30. lipnja 2022."
"3f3a1203-ebfe-54e5-9f88-a5cee00c33e5","https://data.gov.hr/ckan/dataset/evidencija-minski-sumnjivih-podrucja-msp-licenca-cc-by-nd","Evidencija minski sumnjivih područja (MSP) - licenca CC BY-ND"
"95cdd181-b1a3-5201-b2f5-2edb4614f6f0","https://data.gov.hr/ckan/dataset/osnovne-skole","Osnovne škole"
"5af3d829-b5a9-54b6-bcb3-f5a357101bad","https://data.gov.hr/ckan/dataset/registar-sportskih-objekata-grada-zagreba","Registar sportskih objekata Grada Zagreba"
"1d162ac9-6608-5526-867a-8f67a98ad7bc","https://data.gov.hr/ckan/dataset/popis-zupanija-gradova-i-opcina","Popis županija, gradova i općina"
"7c53171e-d40e-5ddd-aa85-5be6f7115036","https://data.gov.hr/ckan/dataset/https-mmpi-gov-hr-userdocsimages-dokumenti-more-more-10_24-lucke-uprave-28-10_24-xlsx","Lučke uprave"
"d262c48d-367e-5229-84c3-d3a8da1ce3e7","https://data.gov.hr/ckan/dataset/gradska-skupstina-grada-zagreba","Gradska skupština Grada Zagreba"
"6ecca88f-fcb2-5769-bdbe-9168a5387ec1","https://data.gov.hr/ckan/dataset/geoportal-nadzorne-kamere","Geoportal Nadzorne kamere"
"82137d50-71a0-53fb-8c7b-97a25721ee1a","https://data.gov.hr/ckan/dataset/imenik-grada-rijeke1","Imenik djelatnika grada Rijeke"
"9b33c30a-0f5a-54f3-acd9-a94be1d5c138","https://data.gov.hr/ckan/dataset/najave-dolazaka-kruzera-u-rijeku-za-2019-i-2020-godinu","Dolasci kruzera u Rijeku"
"0d8094ae-9019-502f-a9e8-5cdb83fd51c7","https://data.gov.hr/ckan/dataset/geoportal-autobusna-stajalista-zet","Geoportal autobusna stajališta ZET"
"e4c06422-1d18-549b-b629-18d9d73781b7","https://data.gov.hr/ckan/dataset/geoportal-javne-garaze","Geoportal Javne garaže"
"78c2c20d-dbc0-5b50-a1b8-c784e0baec1d","https://data.gov.hr/ckan/dataset/slobodni-poslovni-prostori1","Poslovni prostori Grada Rijeke - SLOBODNI"
"88745cc6-74f1-58f7-81bf-54d0bba3cfa8","https://data.gov.hr/ckan/dataset/at-vozni-redovi1","Vozni red autobusa Autotroleja - AKTUALNI"
"64002172-d9f3-5ac8-b2d1-0bb0782eb269","https://data.gov.hr/ckan/dataset/evidencija-djecjih-igralista","Evidencija dječjih igrališta"
"20741cab-e554-5b3b-85c2-4932d0fa5866","https://data.gov.hr/ckan/dataset/registar-biraca-broj-biraca","Registar birača - Broj birača po adresi"
"7b5ce08e-95ce-5342-b9cc-61dd738b1843","https://data.gov.hr/ckan/dataset/adresar-skolskih-knjiznica-za-2023-godinu","Adresar školskih knjižnica za 2023. godinu"
"f5e37cd9-5031-56b1-b772-5f2673ca1bad","https://data.rijeka.hr/dataset/855a21dd-b54b-4a18-b492-33efcae6e39e/resource/3c593d20-e578-4b87-83a0-12d4377a9979/download/javnezelenepovrsine.xlsx","Javne zelene površine"
"a8b4acb1-f944-5cfc-ac44-2ec886a5b591","https://data.gov.hr/ckan/dataset/upisnik-pruzatelja-medijskih-usluga-na-zahtjev","Upisnik pružatelja medijskih usluga na zahtjev"
"ee422048-bbea-5f66-8c8a-6142d1b69835","https://data.gov.hr/ckan/dataset/granicne-tocke","Službene granične točke"
"b933cf8a-b05d-5ab8-9bfe-49c8c2a84ece","https://data.gov.hr/ckan/dataset/arhiva-statistickih-pokazatelja-trazitelja-medunarodne-zastite","Statistički pokazatelji tražitelja međunarodne zaštite"
"4753c09d-3334-5ee3-9bca-cdb0806a560d","https://data.gov.hr/ckan/dataset/pregled-sigurnosnih-pokazatelja-u-2021-godini","Pregled sigurnosnih pokazatelja u 2021. godini"
"72947933-a1d4-516f-aeca-3421fbf0979d","https://data.gov.hr/ckan/dataset/pozicije-bezicnih-pristupnih-tocki-grada-zagreba","Pozicije bežičnih pristupnih točki Grada Zagreba"
"0ccff720-8f37-52e9-af3a-e2f98f3b2e7a","https://data.gov.hr/ckan/dataset/registar-ugovora-o-zakupu-koristenju-poslovnih-prostora","Registar ugovora o zakupu / korištenju poslovnih prostora"
"aa8ec0bc-01b3-58d1-96bf-2d998cedc3df","https://data.gov.hr/ckan/dataset/prazni-poslovni-prostori","Prazni poslovni prostori 2022."
"ff821592-d525-5623-8338-6321381f2ec9","https://data.gov.hr/ckan/dataset/reciklazna-dvorista-i-zeleni-otoci","Reciklažna dvorišta i zeleni otoci Općine Mikleuš"
"60e2f5c6-3e2e-51c3-9ac1-e56841522ea4","https://data.gov.hr/ckan/dataset/podaci-o-stanju-stocarstva","Podaci o stanju stočarstva"
"684c992e-ac21-5bbf-8bdb-a99fb61f055f","https://data.europa.eu/data/datasets/https-data-gov-lt-datasets-1216-?locale=en","Evidencija vjerskih zajednica u Republici Hrvatskoj"
"3efc6c1a-2827-5bfa-816d-d1cb1a88f526","https://data.gov.hr/ckan/dataset/telekomunikacijski-razvodni-ormarici","Telekomunikacijski razvodni ormarići"
"11d4193e-df0c-5466-8fcd-924b20ff808f","https://data.gov.hr/ckan/dataset/geoportal-ustanove-za-branitelje","Geoportal Ustanove za branitelje"
"3fe100ed-9a99-5210-bff1-f4b6586bfe0e","https://data.gov.hr/ckan/dataset/veterinarske-bolnice","Veterinarske bolnice"
"595cc71f-44f4-5049-8382-93fcb79e6186","https://data.gov.hr/ckan/dataset/broj-svinja","Broj svinja"
"d5c7ecf0-07a8-5935-bcbe-97802f023b12","https://data.gov.hr/ckan/dataset/vjerske-zajednice-om","Vjerske zajednice"
"75fc082a-03eb-545b-9cc7-097fa5879708","https://data.gov.hr/ckan/dataset/ustanove-i-institucije-gm","Ustanove i institucije Grada Makarske"
"536ec6ca-5b55-512c-a06f-d5f0e9f5e9b5","https://data.gov.hr/ckan/dataset/crkve-i-kapelice-na-podrucju-opcine-dugopolje","Crkve i kapelice na području Općine Dugopolje"
"68df78ab-6047-54fc-b965-680235980c08","https://data.europa.eu/data/datasets/https-www-odwb-be-explore-dataset-edifices-religieux-verviers-?locale=en)","Crkve i kapelice na području Općine Dugopolje"
"ed411fab-7cab-5c88-9972-2768abc49407","https://data.gov.hr/ckan/dataset/reciklazna-dvorista-i-zeleni-otoci-ovl","Reciklažna dvorišta i zeleni otoci"
"c775fa10-c17d-5333-a549-a7fdd330efd5","https://data.gov.hr/ckan/dataset/parkovi-ok","Parkovi"
"62a76d21-92bf-5340-b3c8-35a53310d112","https://data.gov.hr/ckan/dataset/provedeni-eu-projekti-u-razdoblju-od-2007-do-2021","Provedeni EU projekti (2007. - 2023.)"
"9bacec35-658b-57e0-ad5a-641bdf3da286","https://data.gov.hr/ckan/dataset/geoportal-crkve-rimokatolicke-zupe/resource/39502b72-cebe-4dad-acaa-24fbb72cfe70","Geoportal Crkve (Rimokatoličke Župe)"
"d5e363cb-caaf-56af-8d49-30f5f878d26c","https://data.europa.eu/data/datasets/19987402-b592-41d5-89f7-fab3ab43fa54?locale=en)","Geoportal Crkve (Rimokatoličke Župe)"
"a4320e24-2976-5c78-ae7b-7c13037ceb25","https://data.gov.hr/ckan/dataset/geoportal-crkve-rimokatolicke-zupe","Re: Geoportal Crkve (Rimokatoličke Župe)"
"fe06249b-2e2d-5dac-b50b-826807e9ffdd","https://data.gov.hr/ckan/dataset/vjerske-zajednice-u-rijeci/resource/deffd01e-9b42-4003-974b-893bed49a6be","2020. - Vjerske zajednice u Rijeci"
"d3a2a9d6-e8da-5b56-9647-9d926d0a2f2c","https://data.europa.eu/data/datasets/3beab8d5-6eca-4508-ba1c-737c61e675fc?locale=en)","2020. - Vjerske zajednice u Rijeci"
"4f0d5017-6bf9-55fb-a221-abe6552082ef","https://data.gov.hr/ckan/dataset/popis-stanovni-tva-2001-i-2011-stanovni-tvo-prema-vjeri/resource/4ac6a995-3b39-47c5-8a53-d3086340f071","STANOVNIŠTVO PREMA VJERI, POPISI 2001"
"64a16e3a-4f07-5720-988d-6cee36a175fe","https://data.europa.eu/data/datasets/https-vdb-czso-cz-pll-eweb-lkod_ld-datova_sada-nazev-sldb2021_vira?locale=en)","STANOVNIŠTVO PREMA VJERI, POPISI 2001"
"2f401cdc-dac2-5e5a-a847-4da6c8b09916","https://data.europa.eu/data/datasets/religion-plymouth?locale=en","STANOVNIŠTVO PREMA VJERI, POPISI 2001"
"b1216d82-6cbe-5e98-8ff2-40d83badf9b5","https://data.gov.hr/ckan/dataset/popis-stanovni-tva-2001-i-2011-stanovni-tvo-prema-vjeri","Re: STANOVNIŠTVO PREMA VJERI, POPISI 2001"
"80673515-7b78-53e7-8718-f18b7f0ee322","https://data.gov.hr/ckan/dataset/transplatacijski-centri/resource/5ba1afb4-bf0f-49ec-a201-2a9d1356c34d","Re: Transplatacijski centri"
"4874949f-35f8-570c-82f7-b80e96b8318c","https://data.gov.hr/ckan/dataset/program-erasmus-za-razdoblje-od-2021-do-2027-godine","Re: Popis Erasmus+ financiranih projekata 2021.- 2024."
"544c1f12-c8ff-55f3-b7f2-e9963d5c2c32","https://data.rijeka.hr/dataset/977b6895-6734-4b75-8494-3cf805898be2/resource/92b5422b-8164-458d-bc3d-442004f2a394/download/2021-spremnici-za-tekstil-i-obucu.xlsx)","Lokacije spremnika za staru odjeću i obuću"
"5045aa95-b6bf-5725-ac9f-2b63835d0085","https://data.gov.hr/ckan/dataset/udruge-na-podrucju-opcine-plaski","Udruge na području Općine Plaški"
"f35738e8-a210-5dfb-8798-63dcc3f3c85c","https://data.gov.hr/ckan/dataset/popis-zdravstvenih-ustanova-brodsko-posavske-zupanije","Popis zdravstvenih ustanova Brodsko Posavske županije"
"6534bf54-809f-53ac-b65e-a3a146a6f63f","https://data.gov.hr/ckan/dataset/projekti-europske-unije/resource/a93d3111-cc8f-45fc-80ab-ffbdd0d25e8f","Projekti Europske Unije u provedbi"
"5433c6b9-74d1-528d-9d58-23faffdb8e0b","https://data.gov.hr/ckan/dataset/registri-ugovora-grada-korcule","Registri ugovora Grada Korčule"
"403c5cba-c577-54bf-a81e-2bed0c01cc1f","https://data.gov.hr/ckan/dataset/registri-ugovora-grada-korcule)","Re: Registri ugovora Grada Korčule"
"a9a235bb-6756-5108-b3e1-61dc33f91feb","https://data.gov.hr/ckan/dataset/zeleni-otoci-na-podrucju-opcine-gradec","Zeleni otoci na području opčine Gradec"
"e0fe7028-2a17-540a-9f27-fc2827fcfe2a","https://data.gov.hr/ckan/dataset/vjerske-zajednice-os","Vjerske zajednice Općine Štrigova"
"ad761033-649e-57da-bd70-8f90dfb7d7fb","https://data.gov.hr/ckan/dataset/upisnik-veterinarskih-sluzbi/resource/0e804406-227b-4129-b1cd-5ef471440ac2","Re: Upisnik veterinarskih praksi"
"a3a3253f-3b06-5247-8009-3550f7658ade","https://data.gov.hr/ckan/hr/dataset/popis-vijecnika","Popis vijećnika"
"ea991ac5-a57e-5918-a755-34cf48bbd6c0","https://data.gov.hr/ckan/dataset/popis-udruga-u-gradu-slatini-i-prigradskim-naseljima-2024","Popis udruga u Gradu Slatini i prigradskim naseljima - 2024"
"9e7bf9ef-72c0-50e5-a5ca-ade154ab63ee","https://data.gov.hr/ckan/dataset/javna-rasvjeta-na-podrucju-opcine-ljubescica","Javna rasvjeta na području Općine Ljubešćica"
"51ef9710-5f84-5a44-ab57-5de81cfade93","https://data.gov.hr/ckan/dataset/geoportal-tramvajska-stajalista-zet/resource/0df81576-c7ec-4fde-9211-8616b674c070","Geoportal Tramvajska stajališta ZET"
"1f7593b4-9e88-5657-88a9-6b181ce16c6e","https://data.gov.hr/ckan/dataset/najave-dolazaka-kruzera-u-rijeku-za-2019-i-2020-godinu/resource/2a72f791-7774-4de8-86b5-df1cbd5f8c34","Srednje Škole Grad Zagreb"
"5fce4a4b-38ee-5170-a50e-cf3a0304dd79","https://data.gov.hr/ckan/dataset/geoportal-centar-za-socijalnu-skrb/resource/0c8442bd-ca37-47f9-8626-9ac9479c3392","Geoportal Centar za socijalnu skrb"
"8eb39a34-5da2-5d6d-bb85-8422402957e2","https://data.gov.hr/ckan/dataset/adresar-ordinacija-primarne-zdravstvene-zastite-slavonski-brod","Adresar ordinacija primarne zdravstvene zaštite - Slavonski Brod"
"e51e7537-d967-50f0-8cf4-72cc0a06e44c","https://data.gov.hr/ckan/dataset/pucke-kuhinje-dodatne-tocke-podjele-obroka","Pučke kuhinje - dodatne točke podjele obroka"
"8acd4c9f-317d-560a-8139-288344fa05b2","https://data.gov.hr/ckan/dataset/djecji-vrtici-na-podrucju-medimurske-zupanije","Popis predškolskih ustanova na području Međimurske županije"
"d3bc1c04-6719-5b20-917a-b2645b0dff6c","https://data.gov.hr/ckan/dataset/klubovi-na-podrucju-opcine-klostar-podravski","Klubovi na području Općine Kloštar Podravski"
"bebae68b-594b-56f4-806b-d096e8aa0c05","https://data.gov.hr/ckan/dataset/sportski-klubovi-na-podrucju-rijeke","Sportski klubovi na području grada Rijeke"
"eab72d77-1e3e-58bb-ae89-2fa584a253ae","https://data.gov.hr/ckan/dataset/lokacije-kontejnera1","Lokacije posuda za prikupljanje otpada u Rijeci"
"bf52d55d-50c9-5998-bd66-8b6fa47e3b25","https://data.gov.hr/ckan/dataset/javni-prijevoz-na-podrucju-opcine-sopje","Javni prijevoz na području Općine Sopje"
"306252e5-11da-58f1-872e-f310c4d701f5","https://data.gov.hr/ckan/dataset/registar-eksploatacijskih-polja","Registar eksploatacijskih polja - Ured državne uprave u Osječko-baranjskoj županiji"
"636e65b6-390d-5e77-a2cb-0874523d8813","https://data.gov.hr/ckan/dataset/https-sudovi-hr-hr-oskc-pristup-informacijama-rezultati-rada-suda/resource/edf783ee-0de6-483f-b035-1c70af7d3bda","Statistički podaci o radu OS u Koprivnici za IV. tromjesečje 2024"
"778da23a-4b00-51d0-aec9-d02e25f86a27","https://data.gov.hr/ckan/dataset/zdravstvene-ustanove-u-vlasnistvu-medimurske-zupanije","Zdravstvene ustanove čiji je osnivač Međimurska županija"
"3cc88b50-606b-53a5-8691-8d0482b85baa","https://data.gov.hr/ckan/dataset/upisnik-registgriranih-objekata-u-polsovanju-s-hranom-zivotinjskog-porijekla","Upisnik registriranih objekata u poslovanju s hranom životinjskoga podrijetla"
"788e3be4-d4d3-5179-ac64-b7aea2dae045","https://data.gov.hr/ckan/dataset/geoportal-javna-igralista","Geoportal javna sportska igrališta"
"2cdff77e-49d6-5929-ae37-c33ab06f5ebf","https://data.gov.hr/ckan/dataset/plan-nabave-opcine-cernik-2023","Plan nabave Općine Cernik 2023"
"f9ac43ed-e9d8-51f2-b710-9bf1e6b58639","https://data.gov.hr/ckan/dataset/nacionalna-klasifikacija-zanimanja-verzija-2010","Nacionalna klasifikacija zanimanja, verzija 2010."
"cb52f1c0-d6a9-5b14-b3ae-654c8c12aab9","https://data.gov.hr/ckan/dataset/udruge-i-neprofitne-organizacije-na-podrucju-opcine-milna","Re: Udruge i neprofitne organizacije na području Općine Milna"
"b16c2056-c7bf-54d9-bb84-134bffffb59d","https://data.gov.hr/ckan/dataset/program-europske-snage-solidarnosti-za-razdoblje-od-2021-do-2027-godine","Program Europske snage solidarnosti za razdoblje od 2021. do 2027. godine"
"a349c4c2-9513-5ac3-ad04-ad6d6a2b98f7","https://data.gov.hr/ckan/dataset/geoportal-kvaliteta-zraka","Geoportal Kvaliteta zraka"
"340338c4-86b4-55b7-ba97-3397811da409","https://data.gov.hr/ckan/dataset/registar-vijeca-koordinacija-vijeca-i-predstavnika-nacionalnih-manjina","Re: Registar vijeća, koordinacija vijeća i predstavnika nacionalnih manjina"
"890f9448-0bae-54fa-9d28-b085e750c2b2","https://data.gov.hr/ckan/dataset/upisnik-pruzatelja-medijskih-usluga-radija","Upisnik pružatelja medijskih usluga radija"
"f55f424c-8b10-58b4-bb9c-ebf5b05f776d","https://data.gov.hr/ckan/dataset/upisnik-pruzatelja-medijskih-usluga-radija/resource/eedf28cd-56bc-4491-9f80-97c3b83a63cf.","Upisnik pružatelja medijskih usluga radija"
"154e810e-f97d-5875-ace4-9722ca4222e3","https://data.gov.hr/ckan/dataset/nacionalni-popis-sumskih-sjemenskih-objekata","Nacionalni popis šumskih sjemenskih objekata"
"39779cb5-e829-5bed-95da-59d46277c1ab","https://data.gov.hr/ckan/dataset/ustanove-za-proizvodnju-krvnih-pripravaka","Ustanove za proizvodnju krvnih pripravaka"
"9f83a3ad-bce2-5824-b843-34975d196f57","https://data.gov.hr/ckan/dataset/ustanove-za-proizvodnju-krvnih-pripravaka/resource/5b3a24c0-2eeb-487a-a72a-783f502fff1d","Ustanove za proizvodnju krvnih pripravaka"
"6f5d0cdc-aac9-57e5-8196-2da89f2fb49f","https://data.gov.hr/ckan/dataset/lista-sluzbenih-vozila-gradske-uprave","Registar službenih vozila gradske uprave"
"5ab6be22-6899-5209-bd9f-33d6d7677b1d","https://data.gov.hr/ckan/dataset/proracun-grada-ivanic-grada-za-2024-godinu","Proračun Grada Ivanić-Grada za 2024. godinu"
"ff5df78c-b718-566e-a295-7d75b89b5d59","https://data.gov.hr/ckan/dataset/geoportal-odmorko","Geoportal Odmorko"
"5e7f5a6c-82d8-578e-91a6-16e096fd81f1","https://data.gov.hr/ckan/dataset/sportski-klubovi-na-podrucju-opcine-dugopolje","Sportski klubovi na području Općine Dugopolje"
"d81090e9-df9b-520a-91f1-e7501bdd82f9","https://data.gov.hr/ckan/dataset/vozni-red-gradskog-autobusnog-prijevoza","Vozni red gradskog autobusnog prijevoza"
"c062273b-41b9-563d-a9cf-4f3af67af5aa","https://data.gov.hr/ckan/dataset/geoportal-policija","Geoportal policija"
"4336a1b2-a0cd-5e32-89dc-9fe4d971e063","https://data.gov.hr/ckan/dataset/e-gradani-statistika","e-Građani - statistika"
"2c8feca7-22bb-51b8-942c-e992361303d8","https://data.gov.hr/ckan/dataset/broj-studenata","Broj studenata"
"7559a836-31ab-5c5c-9623-a8719b48fbcc","https://data.gov.hr/ckan/dataset/slobodna-radna-mjesta-po-zupanijama-u-rh-i-eu/resource/d9d4404c-783a-40c8-aec3-38b7c501ff76","Slobodna radna mjesta po županijama u Hrvatskoj i u Europskoj uniji"
"0240d583-4009-594e-b3d9-4d5e45f2288e","https://data.gov.hr/ckan/dataset/geoportal-osnovne-skole","Geoportal Osnovne škole"
"d229eeb9-d6dd-53ef-afcd-cce5ba88d9bc","https://data.gov.hr/ckan/dataset/popis-clanova-savjeta-mladih","Popis članova Savjeta mladih"
"b82024be-5921-5fda-a702-f317b64c8eb9","https://data.gov.hr/ckan/dataset/registar-stranih-zaklada-u-republici-hrvatskoj","Registar stranih zaklada u Republici Hrvatskoj"
"2837af5a-a4dd-548b-bef3-ef3d742ee310","https://data.gov.hr/ckan/dataset/geoportal-sportski-objekti","Geoportal Sportski objekti"
"cfcbabc5-3711-5de7-934d-ff2d46472589","https://data.gov.hr/ckan/dataset/adresar-maticnih-ureda-brodsko-posavske-zupanije","Adresar matičnih ureda Brodsko-posavske županije"
"5eadedf3-11b5-5d0f-ba26-42783ccb913d","https://data.gov.hr/ckan/dataset/geoportal-zeljeznicka-stajalista-hz","Geoportal željeznička stajališta HŽ"
"4c20a885-b8dc-552d-8b4e-fd9b3c2f6bbe","https://data.gov.hr/ckan/dataset/baza-poduzetnika-i-obrtnika","Baza poduzetnika i obrtnika"
"37959c03-3fc5-5d50-89cf-09811ac25c49","https://data.gov.hr/ckan/dataset/veterinarska-praksa-25_1_2023","Upisnik veterinarskih praksi"
"904df776-1ee5-5c8f-9890-6ad2da7f0490","https://data.gov.hr/ckan/dataset/adresar-narodnih-knjiznica-za-2023-godinu","Adresar narodnih knjižnica za 2023. godinu"
"05942aed-e2b9-5304-bbab-a9797551f600","https://data.gov.hr/ckan/dataset/zeleni-otoci-i-reciklazna-dvorista-na-podrucju-opcine-kalinovac","Zeleni otoci i reciklažna dvorišta na području Općine Kalinovac"
"f1b8e1a1-4177-54f1-966b-a7f6a48b3f14","https://data.gov.hr/ckan/dataset/ukupan-promet-nekretnina","Izvješće o tržištu nekretnina Grada Zagreba"
"4d67f37d-6928-5c62-9b59-4462e742a7c4","https://data.gov.hr/ckan/dataset/brojno-stanje-domacih-zivotinja-i-kolicine-proizvedenog-mlijeka","Brojno stanje domaćih životinja i količine proizvedenog mlijeka"
"5115a8f1-4f76-5e28-aa57-19ebb93283ea","https://data.gov.hr/ckan/dataset/geoportal-gradske-trznice","Geoportal gradske tržnice"
"31b6b69a-8b30-5319-b3f9-05ce6a7b1cd6","https://data.gov.hr/ckan/dataset/adresar-djecjih-vrtica-u-gradu-rijeci","Adresar Dječjih vrtića u gradu Rijeci"
"d71fe96d-e5e8-5407-938f-6ec36f2d3691","https://data.gov.hr/ckan/dataset/izvjesce-o-provedbi-zakona-o-pravu-na-pristup-informacijama-za-2024-godinu","Izvješće o provedbi Zakona o pravu na pristup informacijama za 2024. godinu"
"d34baec2-26fd-56e2-bb0e-93184d1bf048","https://data.gov.hr/ckan/dataset/geoportal-nacionalne-manjine","Geoportal nacionalne manjine"
"e720cea8-42b5-5105-bbcd-2466d697a115","https://data.gov.hr/ckan/dataset/geoportal-nacionalne-man...","Geoportal nacionalne manjine"
"19d56206-a26f-557d-ba25-20dd0eabc9f2","https://data.gov.hr/ckan/dataset/zupanijske-institucije","Županijske institucije"
"2f3e215a-2a67-579e-907d-4bbdff5091ad","https://data.gov.hr/ckan/dataset/reg-ugovora-2022-oc","Registar Ugovora / Antikorupcija 2022"
"4cd15603-1667-511b-a0e5-c4e8abc78c24","https://data.gov.hr/ckan/dataset/granicne-crte","Službene granične crte"
"657d280e-4b4b-5a15-87b0-5f7ec5c2fe3d","https://data.gov.hr/ckan/dataset/proizvodjaci-vozila-dijelova","Proizvođači vozila i dijelova vozila"
"9f9c3f37-37c5-5794-8af8-b9782fa4730e","https://data.gov.hr/ckan/dataset/program-erasmus-za-razdoblje-od-2014-do-2020-godine","Program Erasmus+ za razdoblje od 2014. do 2020. godine"
"465c61fe-4337-5e2c-b88c-df8ef4c65542","https://data.gov.hr/ckan/dataset/multimedijalni-zapisi-cuc","Multimedijalni zapisi predavanja CARNetove korisničke konferencije CUC"
"b6d5852d-0697-5bd5-88a4-15ec2b1dd1ae","https://data.gov.hr/ckan/dataset/geoportal-javna-parkiralista-za-bicikle","Geoportal Javna parkirališta za bicikle"
"36579ef3-9b55-53f4-ac15-3fffeb465b7c","https://data.gov.hr/ckan/dataset/registar-udruga","Registar udruga Republike Hrvatske"
"8b116552-6379-5255-bea0-73579124258c","https://data.gov.hr/ckan/dataset/geoportal-kulturne-ustanove","Geoportal Kulturne ustanove"
"65169f9e-3329-5ce7-8239-b85921683323","https://data.gov.hr/ckan/dataset/ustanove-grada-rijeke/resource/ae81de30-e085-4d89-86e1-7dda5b263a2f","Ustanove Grada Rijeke"
"bf3ebb7b-66f1-5647-9a07-8740c1a3b3a0","https://data.gov.hr/ckan/dataset/evidencija-ugovora-2022/resource/c7f180c8-98e2-45df-afa3-7058c2d84f05","Evidencija ugovora 2022."
"20f3f7ce-9f19-5006-8d28-2b1a81bd7f9f","https://data.gov.hr/ckan/dataset/ulice-i-kucni-brojevi-grada-rijeke","Ulice i kućni brojevi grada Rijeke"
"a71c9b5f-1106-5079-8e76-fbea9b95faf4","https://data.gov.hr/ckan/dataset/udruge-zabok","Popis udruga na području grada Zaboka"
"237d50aa-90e6-557a-8254-361fe4cbedc1","https://data.gov.hr/ckan/dataset/geoportal-domovi-za-djecu/resource/8a4198f0-e8ca-4967-b947-814c2b89a6af","Geoportal domovi za djecu"
"9178e6f6-7c2e-5b20-91d4-b04b5e9dfba6","https://data.gov.hr/ckan/dataset/popis-skupova-podataka-ministarstva-unutarnjih-poslova-s-metapodacima-asset-lista","Popis skupova podataka Ministarstva unutarnjih poslova s metapodacima (Asset lista)"
"5c396f47-e2be-5b13-80dc-3530357dd1f8","https://data.gov.hr/ckan/dataset/programsko-izvjesce-hnk-ivana-pl-zajca-statistike-2015-2016-2017","Programsko izvješće HNK Ivana pl. Zajca"
"e78a1f2b-7453-5e8f-88a0-19f2e0fe7243","https://data.gov.hr/ckan/dataset/popis-skupova-podataka-s-metapodacima-hrvatskog-zavoda-za-mirovinsko-osiguranje-asset-lista","Popis skupova podataka s metapodacima Hrvatskog zavoda za mirovinsko osiguranje (Asset lista)"
"38a7f0aa-9540-511a-bde8-b5eac9e39764","https://data.gov.hr/ckan/dataset/upisnik-ddd/resource/ad9799c6-3aff-4769-a23f-8030c61c9737","Upisnik DDD"
"36edac2a-7f4b-5766-9dcd-1544814808a0","https://data.gov.hr/ckan/dataset/dobitnici-nagrada-grada-rijeke-1955-2018/resource/e5bcba52-d680-45c2-a875-a53bbe2bc669","Dobitnici nagrada grada rijeke 1955-2018"
"ae5081e5-90c3-5e28-8372-7710dd4b8342","https://data.gov.hr/ckan/dataset/popis-bolnica-ambulanti-i-lije-nika/resource/030d6e84-e78f-4b56-8558-97473993686c","Popis bolnica, ambulanti i liječnika"
"ef3b5a74-e9a7-5831-b30c-a3c14b197375","https://data.gov.hr/ckan/dataset/popis-javnih-pjesackih-povrsina/resource/869ff949-e57c-4029-a067-141c9d689d29","Evidencija javne pješačke površine"
"69949c34-d1b3-5c0a-a5bd-925bab881fe0","https://data.gov.hr/ckan/dataset/gospodarski-subjekti-opcine-selnica","Gospodarski subjekti Općine Selnica"
"a4af6174-41e5-53fd-bbbf-c5307b8ae846","https://data.gov.hr/ckan/dataset/javni-prijevoz-om","Javni prijevoz Općine Mikleuš"
"65f358ed-bb52-53a3-ae19-8f327b400dde","https://data.gov.hr/ckan/dataset/plan-nabave-2023-godina","Plan nabave Grada Makarska za 2023. godinu"
"f5b6cf91-30d1-5286-a5bb-abf173be4c8d","https://data.gov.hr/ckan/dataset/transparentnost-isplate-iz-proracuna-opcine-ljubescica-2022-godine","Transparentnost- isplate iz proračuna Općine Ljubešćica 2022. godine"
"e194de55-2bd9-50c9-9fb8-41450bc58ce1","https://data.gov.hr/ckan/dataset/dts-kategorije-po-u-estalosti-sve-bolnice/resource/62c56e53-09b1-4bfd-9cc8-0a3438a1d098","DTS kategorije po učestalosti u Kliničkoj bolnici Sveti Duh"
"92de7b19-9b6f-5f23-8f20-f319feb4ea5b","https://data.gov.hr/ckan/dataset/hera-registar-ugovora-i-okvirnih-sporazuma","HERA Registar ugovora i okvirnih sporazuma"
"c5616aa7-13c5-58b7-8a1d-1dfe78cdce87","https://data.gov.hr/ckan/dataset/popis-trgovackih-drustava-osnovanih-od-strane-medimurske-zupanije","Popis trgovačkih društava osnovanih od strane Međimurske županije s kontakt podacima"
"4ee1f6ff-fb77-5d9e-a654-73d8118663d2","https://data.gov.hr/ckan/dataset/evidencija-gradskih-cetvrti-i-mjesnih-odbora-na-podrucju-grada-zapresica","Evidencija gradskih četvrti i mjesnih odbora na području Grada Zaprešića"
"1f5260a4-3b82-5eef-aa8e-bfbccf75cf41","https://data.gov.hr/ckan/dataset/registar-udruga-sa-sjedistem-na-podrucju-grada-ivanca","Registar udruga sa sjedištem na području Grada Ivanca"
"dd1f76ba-b824-5af8-9105-a5173c96d77c","https://data.gov.hr/ckan/hr/dataset/geoportal-visokoskolske-ustanove","Geoportal Visokoškolske ustanove"
"a27cd0ea-ded9-5f48-b26c-0495d7bfa320","https://data.gov.hr/ckan/hr/dataset/geoportal-zajednicka-lovista","Geoportal zajednička lovišta"
"bb9c15ff-90f2-55fd-a96a-26218f579f07","https://data.gov.hr/ckan/hr/dataset/tvrtke-u-vlasnistvu-gm","Tvrtke u vlasništvu Grada Makarske"
"d2680f88-bef0-5676-a001-84100f66b4c0","https://data.gov.hr/ckan/hr/dataset/popis-skola-u-medimurskoj-zupaniji-s-kontakt-podacima","Popis osnovnih škola u Međimurskoj županiji s kontakt podacima"
"e5c88571-2de0-5ac4-aff3-6fe0485930f1","https://data.gov.hr/ckan/hr/dataset/adresar-ordinacija-primarne-zdravstvene-zastite-nova-gradiska","Adresar ordinacija primarne zdravstvene zaštite - Nova Gradiška"
